axis_name,axis_value,dataset_iteration,true_k,n,p,B,n_jobs,n_test_ks,estimator,t_carve_sec_s,t_carve_sec_g,t_carve_per_k_sec_s,t_carve_per_k_sec_g
embed_dim,10,0,3,500,10,20,10,6,spectral,4.542675500008045,9.226629084005253,0.7571125833346741,1.5377715140008756
embed_dim,10,1,3,500,10,20,10,6,spectral,4.400199541996699,9.096649708983023,0.7333665903327832,1.5161082848305039
embed_dim,10,2,3,500,10,20,10,6,spectral,4.3386322500009555,8.881353542004945,0.7231053750001593,1.4802255903341575
embed_dim,10,3,3,500,10,20,10,6,spectral,4.400269125006162,9.246897915989393,0.7333781875010269,1.541149652664899
embed_dim,10,4,3,500,10,20,10,6,spectral,4.603581166011281,9.43270741699962,0.7672635276685469,1.57211790283327
embed_dim,10,5,3,500,10,20,10,6,spectral,4.383775624999544,9.214030208007898,0.7306292708332572,1.5356717013346497
embed_dim,10,6,3,500,10,20,10,6,spectral,4.4353742499952205,9.397303749981802,0.7392290416658701,1.5662172916636337
embed_dim,10,7,3,500,10,20,10,6,spectral,4.433472417003941,9.123054291005246,0.7389120695006568,1.5205090485008743
embed_dim,10,8,3,500,10,20,10,6,spectral,4.335385000013048,9.528427458018996,0.7225641666688413,1.588071243003166
embed_dim,10,9,3,500,10,20,10,6,spectral,4.44622337500914,9.235889417002909,0.74103722916819,1.5393149028338182
embed_dim,10,10,3,500,10,20,10,6,spectral,4.442393458011793,9.414728834002744,0.7403989096686322,1.5691214723337907
embed_dim,10,11,3,500,10,20,10,6,spectral,4.392357125005219,9.164178416016512,0.7320595208342032,1.5273630693360853
embed_dim,10,12,3,500,10,20,10,6,spectral,4.353663040994434,9.275019416003488,0.7256105068324056,1.5458365693339147
embed_dim,10,13,3,500,10,20,10,6,spectral,4.288915332988836,9.356011582975043,0.714819222164806,1.5593352638291738
embed_dim,10,14,3,500,10,20,10,6,spectral,4.465124416019535,9.520911750005325,0.7441874026699224,1.5868186250008876
embed_dim,10,15,3,500,10,20,10,6,spectral,4.492398875008803,9.41558541698032,0.7487331458348004,1.5692642361633868
embed_dim,10,16,3,500,10,20,10,6,spectral,4.535208207991673,9.269209124991903,0.7558680346652787,1.5448681874986505
embed_dim,10,17,3,500,10,20,10,6,spectral,4.4461171249859035,9.617566542001441,0.7410195208309839,1.6029277570002403
embed_dim,10,18,3,500,10,20,10,6,spectral,4.4481262500048615,9.275202499993611,0.7413543750008103,1.5458670833322685
embed_dim,10,19,3,500,10,20,10,6,spectral,4.389597125002183,9.363124833005713,0.7315995208336972,1.5605208055009523
embed_dim,10,0,4,500,10,20,10,6,spectral,4.525544875010382,9.401468334021047,0.754257479168397,1.5669113890035078
embed_dim,10,1,4,500,10,20,10,6,spectral,4.653249291004613,9.421863333001966,0.7755415485007688,1.5703105555003276
embed_dim,10,2,4,500,10,20,10,6,spectral,4.450444417016115,9.477620625024429,0.7417407361693525,1.5796034375040715
embed_dim,10,3,4,500,10,20,10,6,spectral,4.5745682080159895,9.386342041980242,0.7624280346693316,1.5643903403300403
embed_dim,10,4,4,500,10,20,10,6,spectral,4.541327624989208,9.311214916000608,0.7568879374982013,1.551869152666768
embed_dim,10,5,4,500,10,20,10,6,spectral,4.5470901660155505,9.502664792002179,0.7578483610025918,1.5837774653336965
embed_dim,10,6,4,500,10,20,10,6,spectral,4.444190749985864,9.553084250015672,0.7406984583309774,1.5921807083359454
embed_dim,10,7,4,500,10,20,10,6,spectral,4.441447207995225,9.398169166990556,0.7402412013325375,1.5663615278317593
embed_dim,10,8,4,500,10,20,10,6,spectral,4.566815917001804,9.22207812499255,0.7611359861669674,1.5370130208320916
embed_dim,10,9,4,500,10,20,10,6,spectral,4.6241252920008264,9.377740750001976,0.7706875486668044,1.562956791666996
embed_dim,10,10,4,500,10,20,10,6,spectral,4.402818083006423,9.391914583015023,0.7338030138344038,1.5653190971691704
embed_dim,10,11,4,500,10,20,10,6,spectral,4.581110750004882,9.330023416987387,0.763518458334147,1.5550039028312312
embed_dim,10,12,4,500,10,20,10,6,spectral,4.466116333991522,9.404516250011511,0.7443527223319203,1.5674193750019185
embed_dim,10,13,4,500,10,20,10,6,spectral,4.571257208008319,9.237576625018846,0.7618762013347199,1.5395961041698076
embed_dim,10,14,4,500,10,20,10,6,spectral,4.545040625002002,8.990706707991194,0.757506770833667,1.4984511179985323
embed_dim,10,15,4,500,10,20,10,6,spectral,4.458669624989852,9.264334332983708,0.7431116041649753,1.5440557221639513
embed_dim,10,16,4,500,10,20,10,6,spectral,4.392809833021602,9.242404707998503,0.7321349721702669,1.5404007846664172
embed_dim,10,17,4,500,10,20,10,6,spectral,4.535564666002756,9.247135208017426,0.7559274443337927,1.5411892013362376
embed_dim,10,18,4,500,10,20,10,6,spectral,4.6236408749828115,9.603401625005063,0.7706068124971353,1.6005669375008438
embed_dim,10,19,4,500,10,20,10,6,spectral,4.482837750023464,9.420179291977547,0.7471396250039106,1.570029881996258
embed_dim,64,0,3,500,64,20,10,6,spectral,4.73316220799461,10.539505082997493,0.7888603679991016,1.7565841804995823
embed_dim,64,1,3,500,64,20,10,6,spectral,4.669162958016386,10.636897582997335,0.7781938263360644,1.7728162638328893
embed_dim,64,2,3,500,64,20,10,6,spectral,4.6896682499791496,10.895766667003045,0.7816113749965249,1.815961111167174
embed_dim,64,3,3,500,64,20,10,6,spectral,4.717243833001703,11.084435749973636,0.7862073055002838,1.8474059583289393
embed_dim,64,4,3,500,64,20,10,6,spectral,4.603458625002531,10.751544583006762,0.7672431041670885,1.7919240971677937
embed_dim,64,5,3,500,64,20,10,6,spectral,4.705038540996611,11.027792249980848,0.7841730901661018,1.8379653749968081
embed_dim,64,6,3,500,64,20,10,6,spectral,4.758987999986857,10.777707583009033,0.7931646666644762,1.796284597168172
embed_dim,64,7,3,500,64,20,10,6,spectral,4.715684499999043,11.031009667000035,0.7859474166665071,1.8385016111666725
embed_dim,64,8,3,500,64,20,10,6,spectral,4.709907250013202,10.794211833010195,0.7849845416688671,1.7990353055016992
embed_dim,64,9,3,500,64,20,10,6,spectral,4.608790541999042,10.817880292015616,0.7681317569998404,1.8029800486692693
embed_dim,64,10,3,500,64,20,10,6,spectral,4.7208465409930795,10.461388249997981,0.78680775683218,1.7435647083329968
embed_dim,64,11,3,500,64,20,10,6,spectral,4.592167458991753,10.529439417005051,0.7653612431652922,1.754906569500842
embed_dim,64,12,3,500,64,20,10,6,spectral,4.555470250023063,10.469457749975845,0.7592450416705105,1.7449096249959741
embed_dim,64,13,3,500,64,20,10,6,spectral,4.717304500023602,10.654727249988355,0.7862174166706003,1.7757878749980591
embed_dim,64,14,3,500,64,20,10,6,spectral,4.671444125007838,10.446220957994228,0.7785740208346397,1.7410368263323714
embed_dim,64,15,3,500,64,20,10,6,spectral,4.584580583992647,10.324503167008515,0.7640967639987745,1.7207505278347526
embed_dim,64,16,3,500,64,20,10,6,spectral,4.614614624995738,10.498946290987078,0.7691024374992897,1.7498243818311796
embed_dim,64,17,3,500,64,20,10,6,spectral,4.543511625000974,10.540960833022837,0.7572519375001624,1.756826805503806
embed_dim,64,18,3,500,64,20,10,6,spectral,4.824490875005722,10.504198792012176,0.8040818125009537,1.7506997986686959
embed_dim,64,19,3,500,64,20,10,6,spectral,4.51060012500966,10.508830625010887,0.7517666875016099,1.751471770835148
embed_dim,64,0,4,500,64,20,10,6,spectral,4.533040042006178,11.150980000005802,0.7555066736676963,1.8584966666676337
embed_dim,64,1,4,500,64,20,10,6,spectral,4.723294790979708,10.926466624980094,0.7872157984966179,1.8210777708300157
embed_dim,64,2,4,500,64,20,10,6,spectral,4.544036417006282,10.667523667012574,0.7573394028343804,1.7779206111687624
embed_dim,64,3,4,500,64,20,10,6,spectral,4.6522037079848815,10.897667959012324,0.775367284664147,1.8162779931687207
embed_dim,64,4,4,500,64,20,10,6,spectral,4.605840958014596,11.099879416986369,0.7676401596690994,1.8499799028310615
embed_dim,64,5,4,500,64,20,10,6,spectral,4.734006125014275,10.866785874997731,0.7890010208357126,1.8111309791662886
embed_dim,64,6,4,500,64,20,10,6,spectral,4.541350999992574,10.785128957999405,0.7568918333320956,1.7975214929999008
embed_dim,64,7,4,500,64,20,10,6,spectral,4.555838917003712,10.915677334007341,0.7593064861672852,1.8192795556678902
embed_dim,64,8,4,500,64,20,10,6,spectral,4.483635416981997,10.693789209006354,0.7472725694969995,1.782298201501059
embed_dim,64,9,4,500,64,20,10,6,spectral,4.777172666013939,11.098821124993265,0.7961954443356566,1.8498035208322108
embed_dim,64,10,4,500,64,20,10,6,spectral,4.576508750003995,10.729069249995518,0.7627514583339993,1.7881782083325863
embed_dim,64,11,4,500,64,20,10,6,spectral,4.608655042015016,10.872696582984645,0.7681091736691693,1.8121160971641075
embed_dim,64,12,4,500,64,20,10,6,spectral,4.723480082990136,10.797521417000098,0.787246680498356,1.7995869028333498
embed_dim,64,13,4,500,64,20,10,6,spectral,4.476822500000708,10.692632124992087,0.7461370833334513,1.782105354165348
embed_dim,64,14,4,500,64,20,10,6,spectral,4.512272791995201,10.698574082984123,0.7520454653325336,1.783095680497354
embed_dim,64,15,4,500,64,20,10,6,spectral,4.562956166017102,10.726606499985792,0.7604926943361837,1.7877677499976319
embed_dim,64,16,4,500,64,20,10,6,spectral,4.566671584005235,10.861769834009465,0.7611119306675391,1.8102949723349109
embed_dim,64,17,4,500,64,20,10,6,spectral,4.580827208003029,10.83145825000247,0.7634712013338382,1.8052430416670784
embed_dim,64,18,4,500,64,20,10,6,spectral,4.570187041012105,10.742648833984276,0.7616978401686841,1.7904414723307127
embed_dim,64,19,4,500,64,20,10,6,spectral,4.522281624987954,10.817311791994143,0.753713604164659,1.8028852986656905
embed_dim,118,0,3,500,118,20,10,6,spectral,4.742651584005216,11.055751707986929,0.790441930667536,1.8426252846644882
embed_dim,118,1,3,500,118,20,10,6,spectral,4.810892542009242,11.54610845798743,0.801815423668207,1.9243514096645715
embed_dim,118,2,3,500,118,20,10,6,spectral,4.72827383299591,10.998231791018043,0.7880456388326517,1.8330386318363405
embed_dim,118,3,3,500,118,20,10,6,spectral,4.835424582997803,11.05523058399558,0.8059040971663004,1.84253843066593
embed_dim,118,4,3,500,118,20,10,6,spectral,4.738891124987276,11.166963541996665,0.7898151874978794,1.8611605903327775
embed_dim,118,5,3,500,118,20,10,6,spectral,4.787232707982184,11.241816291003488,0.7978721179970307,1.8736360485005814
embed_dim,118,6,3,500,118,20,10,6,spectral,4.792569707991788,11.275438499986194,0.7987616179986313,1.879239749997699
embed_dim,118,7,3,500,118,20,10,6,spectral,4.735461290983949,11.164159583015135,0.7892435484973248,1.8606932638358558
embed_dim,118,8,3,500,118,20,10,6,spectral,4.754143459023908,11.106636792013887,0.7923572431706513,1.8511061320023146
embed_dim,118,9,3,500,118,20,10,6,spectral,4.858112499990966,11.081157958018593,0.809685416665161,1.8468596596697655
embed_dim,118,10,3,500,118,20,10,6,spectral,4.735470750019886,11.021783375006635,0.7892451250033142,1.8369638958344392
embed_dim,118,11,3,500,118,20,10,6,spectral,4.781573792017298,11.206949249986792,0.7969289653362163,1.8678248749977986
embed_dim,118,12,3,500,118,20,10,6,spectral,4.784568916016724,11.25063283398049,0.797428152669454,1.8751054723300815
embed_dim,118,13,3,500,118,20,10,6,spectral,4.7298840830044355,10.970901916996809,0.7883140138340726,1.8284836528328015
embed_dim,118,14,3,500,118,20,10,6,spectral,4.856888875016011,11.125169916980667,0.8094814791693352,1.8541949861634446
embed_dim,118,15,3,500,118,20,10,6,spectral,4.848526333022164,11.178661750018364,0.8080877221703607,1.8631102916697273
embed_dim,118,16,3,500,118,20,10,6,spectral,4.947551791992737,11.306378291017609,0.8245919653321229,1.8843963818362681
embed_dim,118,17,3,500,118,20,10,6,spectral,4.816665874997852,11.20631070798845,0.8027776458329754,1.8677184513314085
embed_dim,118,18,3,500,118,20,10,6,spectral,4.73751145901042,11.117678500013426,0.7895852431684034,1.8529464166689043
embed_dim,118,19,3,500,118,20,10,6,spectral,4.806931041995995,11.018862124998122,0.8011551736659991,1.8364770208330203
embed_dim,118,0,4,500,118,20,10,6,spectral,4.833941042015795,11.73580649998621,0.8056568403359657,1.9559677499977017
embed_dim,118,1,4,500,118,20,10,6,spectral,4.7382426249969285,11.558241042017471,0.7897071041661547,1.9263735070029118
embed_dim,118,2,4,500,118,20,10,6,spectral,4.778119083988713,11.83519441599492,0.7963531806647856,1.97253240266582
embed_dim,118,3,4,500,118,20,10,6,spectral,4.802337125001941,11.778055625007255,0.8003895208336568,1.9630092708345426
embed_dim,118,4,4,500,118,20,10,6,spectral,4.826420083001722,11.833094250003342,0.8044033471669536,1.972182375000557
embed_dim,118,5,4,500,118,20,10,6,spectral,4.769890166993719,11.906417166988831,0.7949816944989531,1.9844028611648052
embed_dim,118,6,4,500,118,20,10,6,spectral,4.76859070797218,11.625137959024869,0.7947651179953633,1.9375229931708116
embed_dim,118,7,4,500,118,20,10,6,spectral,4.7575958329834975,11.548446540982695,0.792932638830583,1.9247410901637825
embed_dim,118,8,4,500,118,20,10,6,spectral,4.804358916997444,11.815179750003153,0.8007264861662406,1.9691966250005255
embed_dim,118,9,4,500,118,20,10,6,spectral,4.78873037500307,12.042075750010554,0.7981217291671783,2.007012625001759
embed_dim,118,10,4,500,118,20,10,6,spectral,4.710845291003352,11.628882499993779,0.785140881833892,1.9381470833322965
embed_dim,118,11,4,500,118,20,10,6,spectral,4.7479560840001795,11.505812666990096,0.7913260140000299,1.9176354444983492
embed_dim,118,12,4,500,118,20,10,6,spectral,4.929765790991951,11.649496583006112,0.8216276318319918,1.941582763834352
embed_dim,118,13,4,500,118,20,10,6,spectral,4.846113334002439,12.03064633300528,0.8076855556670731,2.0051077221675464
embed_dim,118,14,4,500,118,20,10,6,spectral,4.737728042004164,11.524914709007135,0.7896213403340274,1.9208191181678558
embed_dim,118,15,4,500,118,20,10,6,spectral,4.809899417014094,11.573210208996898,0.8016499028356824,1.9288683681661496
embed_dim,118,16,4,500,118,20,10,6,spectral,4.914046499994583,11.946171416988363,0.8190077499990972,1.9910285694980605
embed_dim,118,17,4,500,118,20,10,6,spectral,4.745544792007422,11.85990766697796,0.790924132001237,1.97665127782966
embed_dim,118,18,4,500,118,20,10,6,spectral,4.764705582987517,11.577160832996015,0.7941175971645862,1.9295268054993358
embed_dim,118,19,4,500,118,20,10,6,spectral,4.722108707996085,11.956962166994344,0.7870181179993475,1.9928270278323907
embed_dim,173,0,3,500,173,20,10,6,spectral,5.003321500000311,11.961679125000956,0.8338869166667185,1.9936131875001593
embed_dim,173,1,3,500,173,20,10,6,spectral,5.0119650829874445,12.052897000015946,0.8353275138312407,2.0088161666693245
embed_dim,173,2,3,500,173,20,10,6,spectral,4.948353791987756,12.220741249999264,0.8247256319979593,2.0367902083332106
embed_dim,173,3,3,500,173,20,10,6,spectral,4.957471250003437,12.01614116699784,0.8262452083339061,2.0026901944996403
embed_dim,173,4,3,500,173,20,10,6,spectral,5.0153853749798145,12.120645042014075,0.8358975624966357,2.0201075070023458
embed_dim,173,5,3,500,173,20,10,6,spectral,4.918377207999583,11.963918374996865,0.8197295346665973,1.9939863958328108
embed_dim,173,6,3,500,173,20,10,6,spectral,4.90329804099747,11.886695166991558,0.817216340166245,1.9811158611652597
embed_dim,173,7,3,500,173,20,10,6,spectral,5.03106970799854,12.163517915992998,0.8385116179997567,2.027252985998833
embed_dim,173,8,3,500,173,20,10,6,spectral,4.985641209001187,12.026970749982866,0.8309402015001979,2.004495124997144
embed_dim,173,9,3,500,173,20,10,6,spectral,4.931743541994365,12.230255166999996,0.8219572569990609,2.038375861166666
embed_dim,173,10,3,500,173,20,10,6,spectral,4.949616875004722,11.999299082992366,0.8249361458341203,1.9998831804987276
embed_dim,173,11,3,500,173,20,10,6,spectral,5.092402750015026,11.91389679198619,0.848733791669171,1.9856494653310317
embed_dim,173,12,3,500,173,20,10,6,spectral,4.896097999997437,11.83674208400771,0.8160163333329061,1.9727903473346184
embed_dim,173,13,3,500,173,20,10,6,spectral,4.984127707983134,12.314749750017654,0.8306879513305224,2.052458291669609
embed_dim,173,14,3,500,173,20,10,6,spectral,5.049999167007627,12.435034124995582,0.8416665278346045,2.072505687499264
embed_dim,173,15,3,500,173,20,10,6,spectral,4.867339416989125,11.997016417008126,0.8112232361648543,1.999502736168021
embed_dim,173,16,3,500,173,20,10,6,spectral,4.93580754197319,12.105036000022665,0.8226345903288651,2.0175060000037774
embed_dim,173,17,3,500,173,20,10,6,spectral,4.894092917005764,12.028071666980395,0.815682152834294,2.004678611163399
embed_dim,173,18,3,500,173,20,10,6,spectral,4.952084290998755,12.00107937498251,0.8253473818331258,2.0001798958304184
embed_dim,173,19,3,500,173,20,10,6,spectral,4.876898874994367,11.991332250006963,0.8128164791657279,1.9985553750011604
embed_dim,173,0,4,500,173,20,10,6,spectral,5.05385108399787,12.800747625005897,0.842308513999645,2.133457937500983
embed_dim,173,1,4,500,173,20,10,6,spectral,5.019321959000081,12.675452000024961,0.8365536598333468,2.1125753333374937
embed_dim,173,2,4,500,173,20,10,6,spectral,5.103736207995098,13.180325166991679,0.8506227013325164,2.19672086116528
embed_dim,173,3,4,500,173,20,10,6,spectral,4.871596459008288,12.949056832992937,0.811932743168048,2.158176138832156
embed_dim,173,4,4,500,173,20,10,6,spectral,5.0536491249804385,12.590876000002027,0.8422748541634064,2.098479333333671
embed_dim,173,5,4,500,173,20,10,6,spectral,4.9495363750029355,12.64495824999176,0.8249227291671559,2.1074930416652933
embed_dim,173,6,4,500,173,20,10,6,spectral,4.982525708997855,12.829548875015462,0.8304209514996425,2.1382581458359105
embed_dim,173,7,4,500,173,20,10,6,spectral,5.033491792011773,12.91002904099878,0.8389152986686289,2.15167150683313
embed_dim,173,8,4,500,173,20,10,6,spectral,4.91506808399572,12.757927459024359,0.8191780139992867,2.1263212431707266
embed_dim,173,9,4,500,173,20,10,6,spectral,4.907403084012913,12.819433708005818,0.8179005140021521,2.1365722846676363
embed_dim,173,10,4,500,173,20,10,6,spectral,4.936541709001176,12.884608874999685,0.822756951500196,2.1474348124999474
embed_dim,173,11,4,500,173,20,10,6,spectral,4.980408457980957,12.852067208004883,0.8300680763301594,2.1420112013341472
embed_dim,173,12,4,500,173,20,10,6,spectral,5.12344695799402,13.138717666006414,0.8539078263323366,2.1897862776677357
embed_dim,173,13,4,500,173,20,10,6,spectral,4.974907250027172,12.989358167018509,0.829151208337862,2.1648930278364182
embed_dim,173,14,4,500,173,20,10,6,spectral,4.946335834014462,12.750075458025094,0.8243893056690771,2.125012576337516
embed_dim,173,15,4,500,173,20,10,6,spectral,5.082107124995673,12.901100999995833,0.8470178541659455,2.1501834999993057
embed_dim,173,16,4,500,173,20,10,6,spectral,5.000252124998951,12.713747625006363,0.8333753541664919,2.1189579375010603
embed_dim,173,17,4,500,173,20,10,6,spectral,5.033244749996811,12.69292395899538,0.8388741249994686,2.1154873264992298
embed_dim,173,18,4,500,173,20,10,6,spectral,4.891526999999769,12.604614915995626,0.8152544999999615,2.1007691526659378
embed_dim,173,19,4,500,173,20,10,6,spectral,4.868621083005564,12.525528708007187,0.811436847167594,2.087588118001198
embed_dim,227,0,3,500,227,20,10,6,spectral,5.297271290997742,12.982307208003476,0.8828785484996237,2.1637178680005795
embed_dim,227,1,3,500,227,20,10,6,spectral,5.184541917027673,12.654098832979798,0.8640903195046121,2.1090164721632996
embed_dim,227,2,3,500,227,20,10,6,spectral,5.2100332920090295,12.852676999988034,0.8683388820015049,2.142112833331339
embed_dim,227,3,3,500,227,20,10,6,spectral,5.103155082993908,12.76161383301951,0.8505258471656513,2.126935638836585
embed_dim,227,4,3,500,227,20,10,6,spectral,5.182773415988777,12.70861912498367,0.8637955693314628,2.118103187497278
embed_dim,227,5,3,500,227,20,10,6,spectral,5.294925708993105,13.016558291012188,0.8824876181655176,2.1694263818353647
embed_dim,227,6,3,500,227,20,10,6,spectral,5.217237250006292,12.746033583011013,0.8695395416677153,2.1243389305018354
embed_dim,227,7,3,500,227,20,10,6,spectral,5.276326708000852,12.755317583010765,0.8793877846668087,2.1258862638351275
embed_dim,227,8,3,500,227,20,10,6,spectral,5.278353707981296,12.99407887502457,0.8797256179968826,2.165679812504095
embed_dim,227,9,3,500,227,20,10,6,spectral,5.458925166982226,13.002575708000222,0.9098208611637043,2.1670959513333705
embed_dim,227,10,3,500,227,20,10,6,spectral,5.250131874985527,12.70742158399662,0.8750219791642545,2.11790359733277
embed_dim,227,11,3,500,227,20,10,6,spectral,5.285057082975982,12.96491850001621,0.8808428471626636,2.1608197500027018
embed_dim,227,12,3,500,227,20,10,6,spectral,5.175248084007762,12.88347674999386,0.8625413473346271,2.147246124998977
embed_dim,227,13,3,500,227,20,10,6,spectral,5.290327208000235,12.576549374993192,0.8817212013333725,2.096091562498865
embed_dim,227,14,3,500,227,20,10,6,spectral,5.30857287501567,12.764250499982154,0.884762145835945,2.127375083330359
embed_dim,227,15,3,500,227,20,10,6,spectral,5.4722353749966715,13.117771249992074,0.9120392291661119,2.1862952083320124
embed_dim,227,16,3,500,227,20,10,6,spectral,5.279902874986874,12.800969375006389,0.8799838124978123,2.133494895834398
embed_dim,227,17,3,500,227,20,10,6,spectral,5.31906229199376,12.718384375009919,0.8865103819989599,2.1197307291683196
embed_dim,227,18,3,500,227,20,10,6,spectral,5.16792887498741,12.659306125016883,0.8613214791645684,2.1098843541694805
embed_dim,227,19,3,500,227,20,10,6,spectral,5.217277582996758,12.983589250012301,0.869546263832793,2.163931541668717
embed_dim,227,0,4,500,227,20,10,6,spectral,5.354362584010232,13.983029499999247,0.8923937640017053,2.3305049166665412
embed_dim,227,1,4,500,227,20,10,6,spectral,5.278058291005436,13.59547429101076,0.8796763818342394,2.2659123818351268
embed_dim,227,2,4,500,227,20,10,6,spectral,5.343083334009862,13.896865291986614,0.8905138890016436,2.3161442153311023
embed_dim,227,3,4,500,227,20,10,6,spectral,5.362879542022711,13.837279041006695,0.8938132570037851,2.3062131735011158
embed_dim,227,4,4,500,227,20,10,6,spectral,5.259100625000428,13.488047874998301,0.8765167708334047,2.2480079791663834
embed_dim,227,5,4,500,227,20,10,6,spectral,5.333927041996503,13.645632582978578,0.8889878403327506,2.2742720971630965
embed_dim,227,6,4,500,227,20,10,6,spectral,5.317792499990901,13.593241750000743,0.8862987499984835,2.2655402916667904
embed_dim,227,7,4,500,227,20,10,6,spectral,5.381335042009596,13.662597916991217,0.8968891736682659,2.2770996528318697
embed_dim,227,8,4,500,227,20,10,6,spectral,5.21504912499222,13.518541666999226,0.86917485416537,2.2530902778332043
embed_dim,227,9,4,500,227,20,10,6,spectral,5.409322374995099,13.763470457983203,0.9015537291658499,2.2939117429972007
embed_dim,227,10,4,500,227,20,10,6,spectral,5.308798166981433,13.647061958996346,0.8847996944969054,2.274510326499391
embed_dim,227,11,4,500,227,20,10,6,spectral,5.286612333002267,13.808877541014226,0.8811020555003779,2.3014795901690377
embed_dim,227,12,4,500,227,20,10,6,spectral,5.392456417001085,13.705914624995785,0.8987427361668475,2.2843191041659643
embed_dim,227,13,4,500,227,20,10,6,spectral,5.302338874986162,13.660777916986262,0.8837231458310271,2.2767963194977106
embed_dim,227,14,4,500,227,20,10,6,spectral,5.369041375000961,13.714574832993094,0.8948402291668268,2.2857624721655156
embed_dim,227,15,4,500,227,20,10,6,spectral,5.354633042006753,13.557789957994828,0.8924388403344589,2.259631659665805
embed_dim,227,16,4,500,227,20,10,6,spectral,5.323214875010308,13.718341291008983,0.8872024791683847,2.2863902151681637
embed_dim,227,17,4,500,227,20,10,6,spectral,5.278066166996723,13.386818458006019,0.8796776944994539,2.23113640966767
embed_dim,227,18,4,500,227,20,10,6,spectral,5.272390917001758,13.201783124997746,0.878731819500293,2.200297187499624
embed_dim,227,19,4,500,227,20,10,6,spectral,5.20610204199329,13.587918208009796,0.8676836736655483,2.2646530346682994
embed_dim,282,0,3,500,282,20,10,6,spectral,6.415319874999113,14.182113208982628,1.069219979166519,2.363685534830438
embed_dim,282,1,3,500,282,20,10,6,spectral,6.208855459000915,14.082479042001069,1.0348092431668192,2.3470798403335116
embed_dim,282,2,3,500,282,20,10,6,spectral,6.220141750003677,14.296749125001952,1.0366902916672796,2.3827915208336585
embed_dim,282,3,3,500,282,20,10,6,spectral,6.218616000027396,14.36755091699888,1.036436000004566,2.3945918194998135
embed_dim,282,4,3,500,282,20,10,6,spectral,6.183787124988157,14.15644545800751,1.0306311874980263,2.359407576334585
embed_dim,282,5,3,500,282,20,10,6,spectral,6.195631000009598,14.158828957995865,1.0326051666682663,2.359804826332644
embed_dim,282,6,3,500,282,20,10,6,spectral,6.351053792022867,14.302222166996216,1.0585089653371444,2.3837036944993693
embed_dim,282,7,3,500,282,20,10,6,spectral,6.172205582988681,14.26481762502226,1.0287009304981136,2.377469604170377
embed_dim,282,8,3,500,282,20,10,6,spectral,6.232548749976559,14.280707750003785,1.038758124996093,2.380117958333964
embed_dim,282,9,3,500,282,20,10,6,spectral,6.189326166000683,14.018671708006877,1.0315543610001139,2.3364452846678128
embed_dim,282,10,3,500,282,20,10,6,spectral,6.128633750020526,13.821862832992338,1.0214389583367545,2.303643805498723
embed_dim,282,11,3,500,282,20,10,6,spectral,6.152279583009658,13.726795166003285,1.0253799305016098,2.2877991943338807
embed_dim,282,12,3,500,282,20,10,6,spectral,6.071479458012618,13.862992417009082,1.011913243002103,2.31049873616818
embed_dim,282,13,3,500,282,20,10,6,spectral,6.124310667015379,13.95699649999733,1.0207184445025632,2.3261660833328883
embed_dim,282,14,3,500,282,20,10,6,spectral,6.210931124980561,13.991126832988812,1.0351551874967602,2.331854472164802
embed_dim,282,15,3,500,282,20,10,6,spectral,6.131119208002929,14.055277917010244,1.0218532013338215,2.3425463195017073
embed_dim,282,16,3,500,282,20,10,6,spectral,6.141211915994063,13.957544667006005,1.0235353193323438,2.326257444501001
embed_dim,282,17,3,500,282,20,10,6,spectral,6.092904290999286,13.669228958024178,1.015484048499881,2.278204826337363
embed_dim,282,18,3,500,282,20,10,6,spectral,6.11889529202017,14.059919166000327,1.0198158820033616,2.3433198610000545
embed_dim,282,19,3,500,282,20,10,6,spectral,6.141248750005616,13.622978542000055,1.0235414583342692,2.270496423666676
embed_dim,282,0,4,500,282,20,10,6,spectral,6.053731457999675,14.78834983301931,1.0089552429999458,2.464724972169885
embed_dim,282,1,4,500,282,20,10,6,spectral,6.194032707979204,14.544070249976357,1.0323387846632006,2.424011708329393
embed_dim,282,2,4,500,282,20,10,6,spectral,6.123739500006195,14.909112041001208,1.0206232500010326,2.4848520068335347
embed_dim,282,3,4,500,282,20,10,6,spectral,6.032701082993299,14.694752167008119,1.0054501804988831,2.44912536116802
embed_dim,282,4,4,500,282,20,10,6,spectral,6.06737516602152,14.136564040993107,1.01122919433692,2.3560940068321847
embed_dim,282,5,4,500,282,20,10,6,spectral,6.155636957992101,14.860694625007454,1.0259394929986836,2.4767824375012424
embed_dim,282,6,4,500,282,20,10,6,spectral,6.081047416984802,15.076338915998349,1.0135079028308003,2.5127231526663913
embed_dim,282,7,4,500,282,20,10,6,spectral,6.0792242500174325,14.486741333996179,1.013204041669572,2.414456888999363
embed_dim,282,8,4,500,282,20,10,6,spectral,6.074542374990415,14.951025332993595,1.012423729165069,2.4918375554989325
embed_dim,282,9,4,500,282,20,10,6,spectral,6.082818499999121,14.921048417018028,1.0138030833331868,2.486841402836338
embed_dim,282,10,4,500,282,20,10,6,spectral,6.051403000019491,14.686667290981859,1.0085671666699152,2.44777788183031
embed_dim,282,11,4,500,282,20,10,6,spectral,6.228707500005839,14.736070958984783,1.03811791666764,2.456011826497464
embed_dim,282,12,4,500,282,20,10,6,spectral,6.114033249992644,14.880112042010296,1.0190055416654407,2.4800186736683827
embed_dim,282,13,4,500,282,20,10,6,spectral,6.222205833997577,14.780390874977456,1.037034305666263,2.4633984791629095
embed_dim,282,14,4,500,282,20,10,6,spectral,6.17450904098223,14.377800959016895,1.029084840163705,2.3963001598361493
embed_dim,282,15,4,500,282,20,10,6,spectral,6.173617874999763,15.30148983298568,1.0289363124999606,2.5502483054976133
embed_dim,282,16,4,500,282,20,10,6,spectral,6.206058208015747,15.053754166990984,1.0343430346692912,2.5089590278318306
embed_dim,282,17,4,500,282,20,10,6,spectral,6.015135541005293,14.762199749995489,1.0025225901675487,2.460366624999248
embed_dim,282,18,4,500,282,20,10,6,spectral,6.229700875002891,14.850891667010728,1.0382834791671485,2.475148611168455
embed_dim,282,19,4,500,282,20,10,6,spectral,6.073941250011558,14.590481624996755,1.012323541668593,2.4317469374994594
embed_dim,336,0,3,500,336,20,10,6,spectral,6.281054708000738,14.532074291986646,1.0468424513334564,2.4220123819977744
embed_dim,336,1,3,500,336,20,10,6,spectral,6.3135047079995275,14.532887874986045,1.0522507846665878,2.422147979164341
embed_dim,336,2,3,500,336,20,10,6,spectral,6.230807207990438,14.689905125007499,1.0384678679984063,2.4483175208345833
embed_dim,336,3,3,500,336,20,10,6,spectral,6.378227542008972,14.257767916977173,1.063037923668162,2.376294652829529
embed_dim,336,4,3,500,336,20,10,6,spectral,6.411328332993435,14.459036542015383,1.0685547221655725,2.4098394236692307
embed_dim,336,5,3,500,336,20,10,6,spectral,6.284784749994287,14.608409582986496,1.047464124999048,2.4347349304977493
embed_dim,336,6,3,500,336,20,10,6,spectral,6.298322207992896,14.691881584003568,1.049720367998816,2.448646930667261
embed_dim,336,7,3,500,336,20,10,6,spectral,6.360283082991373,14.509562416002154,1.060047180498562,2.4182604026670256
embed_dim,336,8,3,500,336,20,10,6,spectral,6.327346417005174,14.732173374999547,1.054557736167529,2.455362229166591
embed_dim,336,9,3,500,336,20,10,6,spectral,6.3945447920123115,14.39550425001653,1.0657574653353852,2.3992507083360883
embed_dim,336,10,3,500,336,20,10,6,spectral,6.33590083301533,14.496007957990514,1.0559834721692216,2.4160013263317524
embed_dim,336,11,3,500,336,20,10,6,spectral,6.320741000003181,14.366147749999072,1.0534568333338636,2.394357958333179
embed_dim,336,12,3,500,336,20,10,6,spectral,6.22783379201428,14.526562291983282,1.0379722986690467,2.421093715330547
embed_dim,336,13,3,500,336,20,10,6,spectral,6.313978541991673,14.326071417017374,1.0523297569986123,2.3876785695028957
embed_dim,336,14,3,500,336,20,10,6,spectral,6.277362916996935,14.647818166995421,1.0462271528328226,2.44130302783257
embed_dim,336,15,3,500,336,20,10,6,spectral,6.332836332992883,14.599160875019152,1.0554727221654805,2.4331934791698586
embed_dim,336,16,3,500,336,20,10,6,spectral,6.461704874993302,14.414374249987304,1.0769508124988836,2.4023957083312175
embed_dim,336,17,3,500,336,20,10,6,spectral,6.35628637499758,14.577593875001185,1.0593810624995967,2.429598979166864
embed_dim,336,18,3,500,336,20,10,6,spectral,6.338616875000298,14.749534750008024,1.056436145833383,2.458255791668004
embed_dim,336,19,3,500,336,20,10,6,spectral,6.286029750015587,14.575161540997215,1.0476716250025977,2.4291935901662023
embed_dim,336,0,4,500,336,20,10,6,spectral,6.314229000010528,15.202721166977426,1.0523715000017546,2.533786861162904
embed_dim,336,1,4,500,336,20,10,6,spectral,6.46804470900679,15.63369416698697,1.0780074515011318,2.6056156944978284
embed_dim,336,2,4,500,336,20,10,6,spectral,6.422954417008441,15.49247299999115,1.0704924028347402,2.5820788333318583
embed_dim,336,3,4,500,336,20,10,6,spectral,6.336262833006913,15.508644208020996,1.056043805501152,2.584774034670166
embed_dim,336,4,4,500,336,20,10,6,spectral,6.392800959001761,15.388677834009286,1.0654668265002936,2.564779639001548
embed_dim,336,5,4,500,336,20,10,6,spectral,6.265058292017784,15.413106000021799,1.044176382002964,2.568851000003633
embed_dim,336,6,4,500,336,20,10,6,spectral,6.416836374992272,15.357880083000055,1.0694727291653787,2.559646680500009
embed_dim,336,7,4,500,336,20,10,6,spectral,6.352426666999236,15.465905041986844,1.0587377778332059,2.5776508403311404
embed_dim,336,8,4,500,336,20,10,6,spectral,6.479478540975833,15.764007999998285,1.0799130901626388,2.6273346666663806
embed_dim,336,9,4,500,336,20,10,6,spectral,6.393931541999336,15.312269875023048,1.0656552569998894,2.552044979170508
embed_dim,336,10,4,500,336,20,10,6,spectral,6.373769332974916,15.470311290991958,1.0622948888291528,2.5783852151653264
embed_dim,336,11,4,500,336,20,10,6,spectral,6.275514665991068,15.892394708003849,1.0459191109985113,2.648732451333975
embed_dim,336,12,4,500,336,20,10,6,spectral,6.454166665993398,15.969975458021509,1.075694444332233,2.661662576336918
embed_dim,336,13,4,500,336,20,10,6,spectral,6.351150667003822,15.904186542000389,1.0585251111673035,2.650697757000065
embed_dim,336,14,4,500,336,20,10,6,spectral,6.331710833997931,15.45460766699398,1.0552851389996551,2.5757679444989967
embed_dim,336,15,4,500,336,20,10,6,spectral,6.390092457993887,15.75619679200463,1.065015409665648,2.6260327986674383
embed_dim,336,16,4,500,336,20,10,6,spectral,6.329144042014377,15.549780458008172,1.0548573403357295,2.5916300763346953
embed_dim,336,17,4,500,336,20,10,6,spectral,6.313573624996934,15.580242249998264,1.0522622708328224,2.5967070416663773
embed_dim,336,18,4,500,336,20,10,6,spectral,6.251517791009974,15.248029957991093,1.0419196318349957,2.5413383263318488
embed_dim,336,19,4,500,336,20,10,6,spectral,6.447861124994233,15.309744375001173,1.0746435208323721,2.5516240625001956
embed_dim,391,0,3,500,391,20,10,6,spectral,6.50529358300264,14.728034875006415,1.0842155971671066,2.4546724791677357
embed_dim,391,1,3,500,391,20,10,6,spectral,6.606641959020635,15.218263167014811,1.1011069931701059,2.5363771945024687
embed_dim,391,2,3,500,391,20,10,6,spectral,6.662412999983644,14.9467268329754,1.1104021666639408,2.4911211388292336
embed_dim,391,3,3,500,391,20,10,6,spectral,6.6087515839899424,14.858722459001001,1.101458597331657,2.4764537431668336
embed_dim,391,4,3,500,391,20,10,6,spectral,6.52486433298327,15.187300499994308,1.0874773888305451,2.5312167499990514
embed_dim,391,5,3,500,391,20,10,6,spectral,6.667814540996915,15.261848875001306,1.1113024234994857,2.5436414791668844
embed_dim,391,6,3,500,391,20,10,6,spectral,6.598538332997123,15.024326874990948,1.0997563888328539,2.5040544791651578
embed_dim,391,7,3,500,391,20,10,6,spectral,6.7358277500025,15.169660916988505,1.12263795833375,2.528276819498084
embed_dim,391,8,3,500,391,20,10,6,spectral,6.631280790985329,14.9494245829992,1.1052134651642216,2.4915707638332
embed_dim,391,9,3,500,391,20,10,6,spectral,6.620502042002045,14.938181958015775,1.1034170070003408,2.4896969930026294
embed_dim,391,10,3,500,391,20,10,6,spectral,6.477798374980921,15.361994042003062,1.0796330624968202,2.5603323403338436
embed_dim,391,11,3,500,391,20,10,6,spectral,6.623031042021466,15.308858999982476,1.1038385070035777,2.5514764999970794
embed_dim,391,12,3,500,391,20,10,6,spectral,6.667010334000224,15.149267208005767,1.1111683890000374,2.5248778680009614
embed_dim,391,13,3,500,391,20,10,6,spectral,6.79473345799488,15.073182874999475,1.13245557633248,2.512197145833246
embed_dim,391,14,3,500,391,20,10,6,spectral,6.660216165997554,15.06176133401459,1.1100360276662589,2.5102935556690986
embed_dim,391,15,3,500,391,20,10,6,spectral,6.630459500011057,14.91918500000611,1.105076583335176,2.4865308333343514
embed_dim,391,16,3,500,391,20,10,6,spectral,6.628413458005525,15.052252249995945,1.1047355763342541,2.5087087083326574
embed_dim,391,17,3,500,391,20,10,6,spectral,6.6013375830079895,15.20217579198652,1.1002229305013316,2.5336959653310864
embed_dim,391,18,3,500,391,20,10,6,spectral,6.623085125000216,14.938786042010179,1.1038475208333693,2.489797673668363
embed_dim,391,19,3,500,391,20,10,6,spectral,6.585597375000361,14.841763207979966,1.0975995625000603,2.4736272013299945
embed_dim,391,0,4,500,391,20,10,6,spectral,6.722063792025438,16.5169722919818,1.1203439653375729,2.7528287153303004
embed_dim,391,1,4,500,391,20,10,6,spectral,6.542603000008967,16.007704333023867,1.0904338333348278,2.6679507221706444
embed_dim,391,2,4,500,391,20,10,6,spectral,6.776352125016274,15.927403583977139,1.1293920208360457,2.65456726399619
embed_dim,391,3,4,500,391,20,10,6,spectral,6.634273125004256,15.880272874986986,1.1057121875007094,2.6467121458311644
embed_dim,391,4,4,500,391,20,10,6,spectral,6.686736541974824,15.876977665990125,1.1144560903291374,2.6461629443316874
embed_dim,391,5,4,500,391,20,10,6,spectral,6.841514458996244,16.205337749997852,1.1402524098327074,2.700889624999642
embed_dim,391,6,4,500,391,20,10,6,spectral,6.619782374997158,16.341737708018627,1.1032970624995262,2.723622951336438
embed_dim,391,7,4,500,391,20,10,6,spectral,6.69467125000665,16.04412420798326,1.115778541667775,2.674020701330543
embed_dim,391,8,4,500,391,20,10,6,spectral,6.580188082996756,15.635261874995194,1.0966980138327926,2.6058769791658656
embed_dim,391,9,4,500,391,20,10,6,spectral,6.640505708986893,15.414598832983756,1.1067509514978155,2.569099805497293
embed_dim,391,10,4,500,391,20,10,6,spectral,6.66732450001291,15.74657804198796,1.1112207500021516,2.6244296736646597
embed_dim,391,11,4,500,391,20,10,6,spectral,6.792533125000773,16.181591290980577,1.1320888541667955,2.6969318818300962
embed_dim,391,12,4,500,391,20,10,6,spectral,6.729018000012729,15.81057541698101,1.1215030000021216,2.635095902830168
embed_dim,391,13,4,500,391,20,10,6,spectral,6.631697749980958,15.997454666998237,1.1052829583301598,2.6662424444997064
embed_dim,391,14,4,500,391,20,10,6,spectral,6.685679625021294,16.112395332980668,1.114279937503549,2.685399222163445
embed_dim,391,15,4,500,391,20,10,6,spectral,6.818774749990553,16.000628874986432,1.1364624583317589,2.6667714791644053
embed_dim,391,16,4,500,391,20,10,6,spectral,6.833495291997679,16.421379958017496,1.138915881999613,2.7368966596695827
embed_dim,391,17,4,500,391,20,10,6,spectral,6.7360267079784535,15.899353875021916,1.1226711179964088,2.6498923125036526
embed_dim,391,18,4,500,391,20,10,6,spectral,6.5743927500152495,15.506315165985143,1.0957321250025416,2.5843858609975237
embed_dim,391,19,4,500,391,20,10,6,spectral,6.710109874984482,15.777301082998747,1.118351645830747,2.629550180499791
embed_dim,445,0,3,500,445,20,10,6,spectral,6.905733916995814,15.675445250002667,1.1509556528326357,2.6125742083337777
embed_dim,445,1,3,500,445,20,10,6,spectral,6.817970125004649,16.16566979099298,1.1363283541674416,2.69427829849883
embed_dim,445,2,3,500,445,20,10,6,spectral,6.9927536670002155,15.969152083009249,1.1654589445000358,2.661525347168208
embed_dim,445,3,3,500,445,20,10,6,spectral,6.905266584013589,16.104021667008055,1.1508777640022647,2.6840036111680092
embed_dim,445,4,3,500,445,20,10,6,spectral,7.022460417007096,15.693125958001474,1.1704100695011828,2.6155209930002457
embed_dim,445,5,3,500,445,20,10,6,spectral,6.928192541003227,16.196697375009535,1.1546987568338711,2.6994495625015893
embed_dim,445,6,3,500,445,20,10,6,spectral,6.853040290996432,16.027196375012863,1.1421733818327386,2.6711993958354774
embed_dim,445,7,3,500,445,20,10,6,spectral,6.834803583013127,16.027932208002312,1.1391339305021877,2.671322034667052
embed_dim,445,8,3,500,445,20,10,6,spectral,6.980750916991383,15.391656125022564,1.1634584861652304,2.565276020837094
embed_dim,445,9,3,500,445,20,10,6,spectral,6.693668416002765,15.60334575001616,1.1156114026671275,2.6005576250026934
embed_dim,445,10,3,500,445,20,10,6,spectral,6.834670499985805,15.696790167014115,1.1391117499976342,2.6161316945023523
embed_dim,445,11,3,500,445,20,10,6,spectral,6.7193060410209,15.609515749994898,1.11988434017015,2.601585958332483
embed_dim,445,12,3,500,445,20,10,6,spectral,6.657541749998927,15.332570250000572,1.109590291666488,2.5554283750000955
embed_dim,445,13,3,500,445,20,10,6,spectral,6.741569500009064,15.615516040998045,1.1235949166681773,2.6025860068330076
embed_dim,445,14,3,500,445,20,10,6,spectral,6.804474542004755,15.47399979198235,1.1340790903341258,2.5789999653303917
embed_dim,445,15,3,500,445,20,10,6,spectral,6.836397916980786,15.653714375017444,1.1393996528301311,2.6089523958362406
embed_dim,445,16,3,500,445,20,10,6,spectral,6.9081107910024,15.388649291999172,1.1513517985004,2.564774881999862
embed_dim,445,17,3,500,445,20,10,6,spectral,6.800227583007654,15.700864416983677,1.133371263834609,2.6168107361639463
embed_dim,445,18,3,500,445,20,10,6,spectral,6.900103416002821,15.6304179590079,1.1500172360004701,2.60506965983465
embed_dim,445,19,3,500,445,20,10,6,spectral,6.711846250022063,15.446043915988412,1.1186410416703438,2.5743406526647354
embed_dim,445,0,4,500,445,20,10,6,spectral,6.840226125001209,16.632753165991744,1.1400376875002014,2.7721255276652905
embed_dim,445,1,4,500,445,20,10,6,spectral,6.8065100829990115,16.5969186250004,1.134418347166502,2.766153104166733
embed_dim,445,2,4,500,445,20,10,6,spectral,6.754619000013918,16.657704582990846,1.125769833335653,2.776284097165141
embed_dim,445,3,4,500,445,20,10,6,spectral,6.844652665982721,16.376054458,1.1407754443304536,2.7293424096666663
embed_dim,445,4,4,500,445,20,10,6,spectral,6.733252875012113,16.075718749983935,1.1222088125020189,2.679286458330656
embed_dim,445,5,4,500,445,20,10,6,spectral,6.940734957985114,17.042543624993414,1.1567891596641857,2.8404239374989024
embed_dim,445,6,4,500,445,20,10,6,spectral,6.85980429200572,16.696166833979078,1.1433007153342867,2.782694472329846
embed_dim,445,7,4,500,445,20,10,6,spectral,6.7821049579943065,16.620750458008843,1.1303508263323845,2.770125076334807
embed_dim,445,8,4,500,445,20,10,6,spectral,6.799514042009832,16.15845587500371,1.1332523403349721,2.693075979167285
embed_dim,445,9,4,500,445,20,10,6,spectral,6.730822375015123,16.205271499988157,1.1218037291691871,2.7008785833313596
embed_dim,445,10,4,500,445,20,10,6,spectral,6.846328916988568,16.67727687500883,1.1410548194980947,2.779546145834805
embed_dim,445,11,4,500,445,20,10,6,spectral,6.732091083977139,16.68687629100168,1.1220151806628564,2.7811460485002804
embed_dim,445,12,4,500,445,20,10,6,spectral,6.703470207983628,16.205896166007733,1.117245034663938,2.700982694334622
embed_dim,445,13,4,500,445,20,10,6,spectral,6.9137705829925835,16.195753999985754,1.1522950971654307,2.699292333330959
embed_dim,445,14,4,500,445,20,10,6,spectral,6.742800625012023,16.31458137498703,1.1238001041686705,2.7190968958311714
embed_dim,445,15,4,500,445,20,10,6,spectral,6.892171207990032,16.67350633299793,1.148695201331672,2.7789177221663217
embed_dim,445,16,4,500,445,20,10,6,spectral,6.697090374975232,16.69573083301657,1.1161817291625387,2.7826218055027616
embed_dim,445,17,4,500,445,20,10,6,spectral,6.805910791998031,16.571498125005746,1.1343184653330052,2.7619163541676244
embed_dim,445,18,4,500,445,20,10,6,spectral,6.8030287500005215,16.891970291006146,1.1338381250000868,2.8153283818343575
embed_dim,445,19,4,500,445,20,10,6,spectral,6.88975545798894,16.64339995800401,1.14829257633149,2.7738999930006685
embed_dim,500,0,3,500,500,20,10,6,spectral,7.016883290983969,15.921540999988792,1.1694805484973283,2.6535901666647987
embed_dim,500,1,3,500,500,20,10,6,spectral,7.059657834004611,15.784605124994414,1.1766096390007685,2.630767520832402
embed_dim,500,2,3,500,500,20,10,6,spectral,7.033517333999043,15.899484833003953,1.1722528889998405,2.649914138833992
embed_dim,500,3,3,500,500,20,10,6,spectral,6.98174833401572,15.954577625001548,1.1636247223359533,2.6590962708335915
embed_dim,500,4,3,500,500,20,10,6,spectral,7.134886209008982,16.205018542008474,1.189147701501497,2.700836423668079
embed_dim,500,5,3,500,500,20,10,6,spectral,7.039996582985623,16.245228540996322,1.1733327638309372,2.7075380901660537
embed_dim,500,6,3,500,500,20,10,6,spectral,7.005036832997575,15.86271591699915,1.1675061388329293,2.643785986166525
embed_dim,500,7,3,500,500,20,10,6,spectral,6.952346500009298,15.84395566600142,1.1587244166682165,2.6406592776669036
embed_dim,500,8,3,500,500,20,10,6,spectral,7.098386291996576,16.31510025000898,1.1830643819994293,2.719183375001497
embed_dim,500,9,3,500,500,20,10,6,spectral,6.980321166978683,16.015470959013328,1.163386861163114,2.6692451598355547
embed_dim,500,10,3,500,500,20,10,6,spectral,7.2134759170003235,16.159747166995658,1.2022459861667205,2.693291194499276
embed_dim,500,11,3,500,500,20,10,6,spectral,7.113670125021599,15.920316791976802,1.1856116875035998,2.653386131996134
embed_dim,500,12,3,500,500,20,10,6,spectral,7.054346416989574,16.033837082999526,1.1757244028315956,2.672306180499921
embed_dim,500,13,3,500,500,20,10,6,spectral,7.180904082983034,16.420399041002383,1.196817347163839,2.7367331735003972
embed_dim,500,14,3,500,500,20,10,6,spectral,7.076947124995058,16.035395790997427,1.1794911874991765,2.6725659651662377
embed_dim,500,15,3,500,500,20,10,6,spectral,6.966007750015706,16.119200874993112,1.1610012916692842,2.6865334791655187
embed_dim,500,16,3,500,500,20,10,6,spectral,7.119715582986828,15.824817207991146,1.186619263831138,2.637469534665191
embed_dim,500,17,3,500,500,20,10,6,spectral,7.071164666995173,16.191740832990035,1.1785274444991956,2.6986234721650058
embed_dim,500,18,3,500,500,20,10,6,spectral,6.959431958995992,16.049829750001663,1.159905326499332,2.674971625000277
embed_dim,500,19,3,500,500,20,10,6,spectral,6.9368824580160435,16.072729249979602,1.1561470763360073,2.6787882083299337
embed_dim,500,0,4,500,500,20,10,6,spectral,7.150246334000258,17.22322887502378,1.1917077223333763,2.8705381458372963
embed_dim,500,1,4,500,500,20,10,6,spectral,6.989672791998601,16.268895416986197,1.1649454653331002,2.7114825694976994
embed_dim,500,2,4,500,500,20,10,6,spectral,7.079779291001614,17.022493958007544,1.1799632151669357,2.8370823263345906
embed_dim,500,3,4,500,500,20,10,6,spectral,6.97658229098306,16.80752850000863,1.1627637151638435,2.8012547500014384
embed_dim,500,4,4,500,500,20,10,6,spectral,7.002116625022609,17.170521583990194,1.1670194375037681,2.861753597331699
embed_dim,500,5,4,500,500,20,10,6,spectral,7.043938499991782,16.516572208987782,1.1739897499986303,2.752762034831297
embed_dim,500,6,4,500,500,20,10,6,spectral,6.915279333014041,17.120988374983426,1.1525465555023402,2.8534980624972377
embed_dim,500,7,4,500,500,20,10,6,spectral,6.927426749985898,16.632158833002904,1.1545711249976496,2.7720264721671506
embed_dim,500,8,4,500,500,20,10,6,spectral,6.9106219169916585,16.908553332992597,1.1517703194986098,2.8180922221654328
embed_dim,500,9,4,500,500,20,10,6,spectral,6.856549666990759,16.474124708009185,1.142758277831793,2.7456874513348644
embed_dim,500,10,4,500,500,20,10,6,spectral,7.021264041017275,16.619895084004384,1.1702106735028792,2.7699825140007306
embed_dim,500,11,4,500,500,20,10,6,spectral,7.108118999982253,16.62559974999749,1.1846864999970421,2.7709332916662484
embed_dim,500,12,4,500,500,20,10,6,spectral,6.994708540994907,17.27822425001068,1.1657847568324844,2.8797040416684467
embed_dim,500,13,4,500,500,20,10,6,spectral,7.054081290989416,17.137601750000613,1.1756802151649026,2.8562669583334355
embed_dim,500,14,4,500,500,20,10,6,spectral,6.994298959005391,16.66843079199316,1.1657164931675652,2.778071798665527
embed_dim,500,15,4,500,500,20,10,6,spectral,7.04497687498224,17.30053195799701,1.17416281249704,2.8834219929995015
embed_dim,500,16,4,500,500,20,10,6,spectral,6.986976334010251,16.439634999987902,1.1644960556683752,2.73993916666465
embed_dim,500,17,4,500,500,20,10,6,spectral,6.912613874999806,16.802993292018073,1.1521023124999676,2.800498882003012
embed_dim,500,18,4,500,500,20,10,6,spectral,7.047103332995903,17.273436875024345,1.1745172221659839,2.878906145837391
embed_dim,500,19,4,500,500,20,10,6,spectral,7.0180896249949,16.395986874995288,1.1696816041658167,2.7326644791658814
