p,true_k,dataset_id,n,B,n_jobs,n_test_ks,model,t_carve_sec,t_carve_per_k_sec,t_external_sec
10,3,0,500,20,10,6,kmeans,14.447107417043298,2.407851236173883,0.8765663329977542
10,4,0,500,20,10,6,kmeans,10.296189249958843,1.716031541659807,0.9166044169105589
10,5,0,500,20,10,6,kmeans,9.643585667014122,1.607264277835687,0.8251750830095261
10,6,0,500,20,10,6,kmeans,10.3982263749931,1.7330377291655168,0.8654440840473399
10,3,1,500,20,10,6,kmeans,11.497486834065057,1.9162478056775096,1.1463347499957308
10,4,1,500,20,10,6,kmeans,9.63690629194025,1.6061510486567083,0.8855758750578389
10,5,1,500,20,10,6,kmeans,9.551986832986586,1.5919978054977644,0.8050640419824049
10,6,1,500,20,10,6,kmeans,9.606167249963619,1.6010278749939364,0.7943652500398457
10,3,2,500,20,10,6,kmeans,9.803374124923721,1.6338956874872868,0.7914456250146031
10,4,2,500,20,10,6,kmeans,9.479920333018526,1.5799867221697543,0.7909416659967974
10,5,2,500,20,10,6,kmeans,9.47309470793698,1.5788491179894966,0.7603521250421181
10,6,2,500,20,10,6,kmeans,9.4157428330509,1.56929047217515,0.7700075830798596
10,3,3,500,20,10,6,kmeans,9.686739624943584,1.614456604157264,0.7961940419627354
10,4,3,500,20,10,6,kmeans,9.596452167024836,1.5994086945041393,0.763630541972816
10,5,3,500,20,10,6,kmeans,9.34575933299493,1.557626555499155,0.7630829999689013
10,6,3,500,20,10,6,kmeans,9.363359124981798,1.560559854163633,0.7758479999611154
10,3,4,500,20,10,6,kmeans,9.757408750010654,1.6262347916684423,0.8110043330816552
10,4,4,500,20,10,6,kmeans,9.516605666955002,1.5861009444925003,0.7942535830661654
10,5,4,500,20,10,6,kmeans,9.439027416985482,1.573171236164247,0.8168682920513675
10,6,4,500,20,10,6,kmeans,9.455565875046887,1.5759276458411478,0.8095173329347745
10,3,5,500,20,10,6,kmeans,9.986550249974243,1.6644250416623738,0.8310033340239897
10,4,5,500,20,10,6,kmeans,9.628997624968179,1.6048329374946964,0.7903104579309002
10,5,5,500,20,10,6,kmeans,9.513959208969027,1.5856598681615044,0.7979073750320822
10,6,5,500,20,10,6,kmeans,9.430015041027218,1.5716691735045363,0.7609917919617146
10,3,6,500,20,10,6,kmeans,9.611655915970914,1.601942652661819,0.7846648331033066
10,4,6,500,20,10,6,kmeans,9.54957699996885,1.5915961666614749,0.7436595830367878
10,5,6,500,20,10,6,kmeans,9.504332834039815,1.5840554723399691,0.794384790933691
10,6,6,500,20,10,6,kmeans,9.437358708004467,1.5728931180007446,0.780666874954477
10,3,7,500,20,10,6,kmeans,9.823112542042509,1.6371854236737515,0.8047335419105366
10,4,7,500,20,10,6,kmeans,9.939650624990463,1.6566084374984105,0.8692067499505356
10,5,7,500,20,10,6,kmeans,9.557444707956165,1.5929074513260275,0.7796704169595614
10,6,7,500,20,10,6,kmeans,9.43640470795799,1.5727341179929983,0.802121999906376
10,3,8,500,20,10,6,kmeans,9.582482500001788,1.5970804166669648,0.8169436660828069
10,4,8,500,20,10,6,kmeans,9.647229915950447,1.6078716526584078,0.8283914590720087
10,5,8,500,20,10,6,kmeans,9.576930833049119,1.5961551388415198,0.7756194589892402
10,6,8,500,20,10,6,kmeans,9.563338333042338,1.5938897221737232,1.151179541950114
10,3,9,500,20,10,6,kmeans,10.053716833004728,1.6756194721674547,1.0786976249655709
10,4,9,500,20,10,6,kmeans,10.089304041001014,1.681550673500169,1.1415408750763163
10,5,9,500,20,10,6,kmeans,9.894403916085139,1.6490673193475232,0.9849298750050366
10,6,9,500,20,10,6,kmeans,9.602881333092228,1.600480222182038,1.1248112919274718
10,3,10,500,20,10,6,kmeans,9.948143749963492,1.6580239583272487,1.1725978340255097
10,4,10,500,20,10,6,kmeans,10.026426041964442,1.6710710069940735,1.1229501250199974
10,5,10,500,20,10,6,kmeans,9.791516833007336,1.6319194721678894,1.0466300839325413
10,6,10,500,20,10,6,kmeans,9.732619208982214,1.6221032014970358,1.0814370840089396
10,3,11,500,20,10,6,kmeans,10.154144792002626,1.692357465333771,1.1787043330259621
10,4,11,500,20,10,6,kmeans,10.037395791034214,1.6728992985057023,1.0217857499374077
10,5,11,500,20,10,6,kmeans,9.79253479198087,1.6320891319968116,1.143718458013609
10,6,11,500,20,10,6,kmeans,9.709287749952637,1.618214624992106,0.9696677499450743
10,3,12,500,20,10,6,kmeans,9.90489287499804,1.65081547916634,0.8866597498999909
10,4,12,500,20,10,6,kmeans,9.893090249970555,1.6488483749950926,0.8072206249926239
10,5,12,500,20,10,6,kmeans,9.657485082978383,1.6095808471630637,0.7933644589502364
10,6,12,500,20,10,6,kmeans,9.487287958036177,1.5812146596726961,0.9437090420396999
10,3,13,500,20,10,6,kmeans,9.925603292067535,1.6542672153445892,0.793837875011377
10,4,13,500,20,10,6,kmeans,9.564635000075214,1.5941058333458689,0.7928315410390496
10,5,13,500,20,10,6,kmeans,9.66730362502858,1.6112172708380967,0.7745141249615699
10,6,13,500,20,10,6,kmeans,9.551404249970801,1.5919007083284669,0.827280499972403
10,3,14,500,20,10,6,kmeans,9.836429957998917,1.6394049929998193,0.8025543330004439
10,4,14,500,20,10,6,kmeans,9.664903915952891,1.6108173193254818,0.839096084004268
10,5,14,500,20,10,6,kmeans,10.104142084019259,1.6840236806698765,0.7864961249288172
10,6,14,500,20,10,6,kmeans,9.980938583030365,1.6634897638383943,0.7675272499909624
10,3,15,500,20,10,6,kmeans,9.683604625053704,1.6139341041756172,0.8090225000632927
10,4,15,500,20,10,6,kmeans,9.53751229098998,1.5895853818316634,0.8044240419985726
10,5,15,500,20,10,6,kmeans,9.722057417035103,1.6203429028391838,0.7788363749859855
10,6,15,500,20,10,6,kmeans,9.580713207949884,1.596785534658314,0.75977595790755
10,3,16,500,20,10,6,kmeans,9.965364916948602,1.660894152824767,0.8065677919657901
10,4,16,500,20,10,6,kmeans,9.920473417034373,1.6534122361723955,0.8236932080471888
10,5,16,500,20,10,6,kmeans,9.528541500098072,1.5880902500163454,0.8036968330852687
10,6,16,500,20,10,6,kmeans,9.417227457975969,1.5695379096626614,0.8081678750459105
10,3,17,500,20,10,6,kmeans,9.906201958074234,1.6510336596790391,0.8090114579536021
10,4,17,500,20,10,6,kmeans,9.81338424992282,1.6355640416538033,0.8339932089438662
10,5,17,500,20,10,6,kmeans,9.733247083961032,1.6222078473268386,0.8172052080044523
10,6,17,500,20,10,6,kmeans,9.587241375003941,1.5978735625006568,0.789899916970171
10,3,18,500,20,10,6,kmeans,9.866152875008993,1.6443588125014987,0.8161224579671398
10,4,18,500,20,10,6,kmeans,9.841819791006856,1.6403032985011425,0.7970182920107618
10,5,18,500,20,10,6,kmeans,9.612750666914508,1.602125111152418,0.7939927499974146
10,6,18,500,20,10,6,kmeans,9.511850208044052,1.585308368007342,0.8119965409860015
10,3,19,500,20,10,6,kmeans,9.705037000006996,1.6175061666678328,0.7780946249840781
10,4,19,500,20,10,6,kmeans,9.601942999986932,1.6003238333311554,0.9066254590870813
10,5,19,500,20,10,6,kmeans,9.310076792025939,1.5516794653376564,0.7603305000811815
10,6,19,500,20,10,6,kmeans,9.55092783307191,1.591821305511985,0.773686624947004
18,3,0,500,20,10,6,kmeans,10.203838374931365,1.7006397291552275,0.8380435419967398
18,4,0,500,20,10,6,kmeans,10.048850041930564,1.6748083403217606,0.8266353330109268
18,5,0,500,20,10,6,kmeans,9.881270749960095,1.6468784583266824,0.8084319579647854
18,6,0,500,20,10,6,kmeans,9.787421124987304,1.6312368541645508,0.8006610409356654
18,3,1,500,20,10,6,kmeans,10.251571957953274,1.7085953263255458,0.8480889169732109
18,4,1,500,20,10,6,kmeans,9.96221875003539,1.660369791672565,0.8333982919575647
18,5,1,500,20,10,6,kmeans,9.868572333012708,1.6447620555021178,0.8182807499542832
18,6,1,500,20,10,6,kmeans,10.088942582951859,1.6814904304919764,0.8549643330043182
18,3,2,500,20,10,6,kmeans,10.22293249994982,1.70382208332497,0.8493996660690755
18,4,2,500,20,10,6,kmeans,9.915349209099077,1.6525582015165128,0.8440207079984248
18,5,2,500,20,10,6,kmeans,9.918513666954823,1.6530856111591372,0.8073485830100253
18,6,2,500,20,10,6,kmeans,9.88166754192207,1.646944590320345,0.7835466670803726
18,3,3,500,20,10,6,kmeans,10.059241791022941,1.6765402985038236,0.8202528749825433
18,4,3,500,20,10,6,kmeans,9.968564708018675,1.661427451336446,0.83664166694507
18,5,3,500,20,10,6,kmeans,9.967088958015665,1.661181493002611,0.8126909170532599
18,6,3,500,20,10,6,kmeans,9.755404166993685,1.6259006944989476,0.8021014590049163
18,3,4,500,20,10,6,kmeans,10.362893166951835,1.7271488611586392,0.8799163340590894
18,4,4,500,20,10,6,kmeans,10.062418667017482,1.677069777836247,0.8256469999905676
18,5,4,500,20,10,6,kmeans,9.895574624999426,1.6492624374999043,0.8273161250399426
18,6,4,500,20,10,6,kmeans,9.957002041046508,1.659500340174418,0.8057591249234974
18,3,5,500,20,10,6,kmeans,10.401060250005685,1.7335100416676141,0.8567956669721752
18,4,5,500,20,10,6,kmeans,10.180601957952604,1.6967669929921005,0.817269999999553
18,5,5,500,20,10,6,kmeans,9.88061554194428,1.6467692569907133,0.8253201670013368
18,6,5,500,20,10,6,kmeans,9.990318874944933,1.6650531458241555,0.821241166908294
18,3,6,500,20,10,6,kmeans,10.223410833044909,1.7039018055074848,0.8177474999101833
18,4,6,500,20,10,6,kmeans,10.065802375087515,1.6776337291812524,0.800575791974552
18,5,6,500,20,10,6,kmeans,9.856940667028539,1.6428234445047565,0.8167660410981625
18,6,6,500,20,10,6,kmeans,9.773619458079338,1.6289365763465564,0.8241496250266209
18,3,7,500,20,10,6,kmeans,10.32214375003241,1.7203572916720684,0.8342705830000341
18,4,7,500,20,10,6,kmeans,10.110760750016198,1.6851267916693662,0.838238833937794
18,5,7,500,20,10,6,kmeans,9.845061708940193,1.6408436181566988,0.8246147079626098
18,6,7,500,20,10,6,kmeans,9.837126708007418,1.6395211180012363,0.8431633750442415
18,3,8,500,20,10,6,kmeans,10.215511292102747,1.7025852153504577,0.849399209022522
18,4,8,500,20,10,6,kmeans,10.143407791969366,1.6905679653282277,0.870163792045787
18,5,8,500,20,10,6,kmeans,9.889824250014499,1.648304041669083,0.7626595840556547
18,6,8,500,20,10,6,kmeans,9.87667024997063,1.6461117083284382,0.7851191660156474
18,3,9,500,20,10,6,kmeans,10.165715083945543,1.694285847324257,0.8406241250922903
18,4,9,500,20,10,6,kmeans,9.981668290914968,1.6636113818191614,0.8014552079839632
18,5,9,500,20,10,6,kmeans,9.971916666952893,1.6619861111588154,0.8229284590343013
18,6,9,500,20,10,6,kmeans,9.846423833048902,1.6410706388414837,0.8543039580108598
18,3,10,500,20,10,6,kmeans,10.03197316697333,1.6719955278288883,0.8619898329488933
18,4,10,500,20,10,6,kmeans,10.245853125001304,1.7076421875002172,0.8475051660789177
18,5,10,500,20,10,6,kmeans,9.751394916907884,1.625232486151314,0.8204636250156909
18,6,10,500,20,10,6,kmeans,9.839973416063003,1.639995569343834,0.8019875000463799
18,3,11,500,20,10,6,kmeans,10.375953958020546,1.729325659670091,0.8151963340351358
18,4,11,500,20,10,6,kmeans,10.205830082995817,1.700971680499303,0.8440447499742731
18,5,11,500,20,10,6,kmeans,9.905512708006427,1.6509187846677378,0.818313250085339
18,6,11,500,20,10,6,kmeans,9.825364666990936,1.6375607778318226,0.8327277920907363
18,3,12,500,20,10,6,kmeans,10.237275291932747,1.7062125486554578,0.8466203749412671
18,4,12,500,20,10,6,kmeans,10.21659141604323,1.702765236007205,0.8374932089354843
18,5,12,500,20,10,6,kmeans,9.97698166698683,1.6628302778311383,0.8115214590216056
18,6,12,500,20,10,6,kmeans,9.905343541991897,1.6508905903319828,0.8593093749368563
18,3,13,500,20,10,6,kmeans,10.274884040933102,1.7124806734888505,0.821093708043918
18,4,13,500,20,10,6,kmeans,10.047264833003283,1.6745441388338804,0.8516646249918267
18,5,13,500,20,10,6,kmeans,9.957740291953087,1.659623381992181,0.8156394159886986
18,6,13,500,20,10,6,kmeans,9.85460245795548,1.64243374299258,0.8292683329200372
18,3,14,500,20,10,6,kmeans,10.171204125043005,1.6952006875071675,0.841916290926747
18,4,14,500,20,10,6,kmeans,10.114038707921281,1.6856731179868802,0.8593162499601021
18,5,14,500,20,10,6,kmeans,10.002117750002071,1.6670196250003453,0.8386772079393268
18,6,14,500,20,10,6,kmeans,9.808403374976479,1.634733895829413,0.8133470420725644
18,3,15,500,20,10,6,kmeans,10.106786333024502,1.684464388837417,0.8092650000471622
18,4,15,500,20,10,6,kmeans,9.969413083046675,1.6615688471744459,0.8047395419562235
18,5,15,500,20,10,6,kmeans,9.861587957944721,1.643597992990787,0.8343447080114856
18,6,15,500,20,10,6,kmeans,9.981686208979227,1.6636143681632045,0.8202267079614103
18,3,16,500,20,10,6,kmeans,10.374204542022198,1.7290340903370331,0.8800946669653058
18,4,16,500,20,10,6,kmeans,10.400261208065785,1.7333768680109642,0.8171876670094207
18,5,16,500,20,10,6,kmeans,10.06756687501911,1.6779278125031851,0.8333313330076635
18,6,16,500,20,10,6,kmeans,10.006546334014274,1.6677577223357123,0.8205066670197994
18,3,17,500,20,10,6,kmeans,10.385819333023392,1.730969888837232,0.8913388330256566
18,4,17,500,20,10,6,kmeans,10.459873875021003,1.7433123125035006,0.8554867500206456
18,5,17,500,20,10,6,kmeans,9.915470291976817,1.6525783819961362,0.8330076659331098
18,6,17,500,20,10,6,kmeans,9.837193500017747,1.6395322500029579,0.8142289170064032
18,3,18,500,20,10,6,kmeans,10.311540458002128,1.7185900763336879,0.9053010829957202
18,4,18,500,20,10,6,kmeans,10.317999416962266,1.719666569493711,0.8260287090670317
18,5,18,500,20,10,6,kmeans,10.024269749992527,1.6707116249987546,0.8382078340509906
18,6,18,500,20,10,6,kmeans,9.949811417027377,1.658301902837896,0.806339000002481
18,3,19,500,20,10,6,kmeans,10.040539915906265,1.6734233193177108,0.7897774580633268
18,4,19,500,20,10,6,kmeans,9.850197416963056,1.6416995694938425,0.845743375015445
18,5,19,500,20,10,6,kmeans,9.853630832978524,1.6422718054964207,0.8456805000314489
18,6,19,500,20,10,6,kmeans,9.818268000031821,1.6363780000053036,0.782597417011857
34,3,0,500,20,10,6,kmeans,10.621781583991833,1.7702969306653056,0.8144252500496805
34,4,0,500,20,10,6,kmeans,10.473573417053558,1.7455955695089262,0.8041282919002697
34,5,0,500,20,10,6,kmeans,10.233671042020433,1.7056118403367388,0.8056134160142392
34,6,0,500,20,10,6,kmeans,10.117413916974328,1.6862356528290547,0.8316481249639764
34,3,1,500,20,10,6,kmeans,10.52959649998229,1.7549327499970484,0.8754575829952955
34,4,1,500,20,10,6,kmeans,10.395382208982483,1.7325637014970805,0.7968623329652473
34,5,1,500,20,10,6,kmeans,10.336642749956809,1.722773791659468,0.795102083007805
34,6,1,500,20,10,6,kmeans,10.344512415933423,1.7240854026555705,0.7963257919764146
34,3,2,500,20,10,6,kmeans,10.625688083004206,1.7709480138340343,0.8511960420291871
34,4,2,500,20,10,6,kmeans,10.402210333035327,1.7337017221725546,0.8067122499924153
34,5,2,500,20,10,6,kmeans,10.110943541978486,1.6851572569964144,0.9852007089648396
34,6,2,500,20,10,6,kmeans,10.259730541030876,1.7099550901718128,0.789276875089854
34,3,3,500,20,10,6,kmeans,10.450276332907379,1.7417127221512299,0.8057920830324292
34,4,3,500,20,10,6,kmeans,10.306995416991413,1.7178325694985688,0.7979944170219824
34,5,3,500,20,10,6,kmeans,9.958287165965885,1.6597145276609808,0.7784188340883702
34,6,3,500,20,10,6,kmeans,10.017530041979626,1.6695883403299376,0.8205420420272276
34,3,4,500,20,10,6,kmeans,10.67622008395847,1.7793700139930781,0.8429154589539394
34,4,4,500,20,10,6,kmeans,10.318371708039194,1.7197286180065323,0.8075628750957549
34,5,4,500,20,10,6,kmeans,10.215017665992491,1.7025029443320818,0.7985204999567941
34,6,4,500,20,10,6,kmeans,10.162988999974914,1.693831499995819,0.7780761249596253
34,3,5,500,20,10,6,kmeans,10.676284292014316,1.7793807153357193,0.8776703750481829
34,4,5,500,20,10,6,kmeans,10.52561304194387,1.7542688403239783,0.8331445419462398
34,5,5,500,20,10,6,kmeans,10.255193417076953,1.7091989028461587,0.787632416933775
34,6,5,500,20,10,6,kmeans,10.076371792005375,1.6793952986675624,0.8872979170409963
34,3,6,500,20,10,6,kmeans,10.483061917009763,1.747176986168294,0.805711125023663
34,4,6,500,20,10,6,kmeans,10.23101324995514,1.7051688749925233,0.8233327920315787
34,5,6,500,20,10,6,kmeans,10.152832000050694,1.6921386666751157,0.7844434999860823
34,6,6,500,20,10,6,kmeans,9.957149332971312,1.659524888828552,0.7754699580837041
34,3,7,500,20,10,6,kmeans,10.61837108398322,1.7697285139972034,0.8613977079512551
34,4,7,500,20,10,6,kmeans,10.468392250011675,1.7447320416686125,0.841674332972616
34,5,7,500,20,10,6,kmeans,10.117195792030543,1.686199298671757,0.8345979590667412
34,6,7,500,20,10,6,kmeans,10.005681583075784,1.6676135971792974,0.7750314159784466
34,3,8,500,20,10,6,kmeans,10.71658816607669,1.7860980276794483,0.8617489999160171
34,4,8,500,20,10,6,kmeans,10.428408333915286,1.7380680556525476,0.811494667083025
34,5,8,500,20,10,6,kmeans,10.203255959087983,1.7005426598479971,0.8357714170124382
34,6,8,500,20,10,6,kmeans,10.085761166992597,1.6809601944987662,0.7759433330502361
34,3,9,500,20,10,6,kmeans,10.61555320804473,1.769258868007455,0.833024499937892
34,4,9,500,20,10,6,kmeans,10.357653958024457,1.726275659670743,0.8408189580077305
34,5,9,500,20,10,6,kmeans,10.17104691604618,1.6951744860076967,0.777235500048846
34,6,9,500,20,10,6,kmeans,10.19859929208178,1.6997665486802969,0.789284750004299
34,3,10,500,20,10,6,kmeans,10.454478124971502,1.7424130208285835,0.8102444579126313
34,4,10,500,20,10,6,kmeans,10.30267329106573,1.7171122151776217,0.8066264159278944
34,5,10,500,20,10,6,kmeans,10.133277999935672,1.6888796666559454,0.826339083025232
34,6,10,500,20,10,6,kmeans,10.068361082929187,1.6780601804881978,0.7739249580772594
34,3,11,500,20,10,6,kmeans,10.659571540891193,1.7765952568151988,0.835268208058551
34,4,11,500,20,10,6,kmeans,10.662212916999124,1.7770354861665207,0.857377834036015
34,5,11,500,20,10,6,kmeans,10.385993666946888,1.730998944491148,0.8229829580523074
34,6,11,500,20,10,6,kmeans,10.091159375035204,1.6818598958392006,0.78562045795843
34,3,12,500,20,10,6,kmeans,10.65094379207585,1.7751572986793083,0.8297615840565413
34,4,12,500,20,10,6,kmeans,10.637750125024468,1.7729583541707445,0.8232794579816982
34,5,12,500,20,10,6,kmeans,10.373735958011821,1.7289559930019702,0.8111752500990406
34,6,12,500,20,10,6,kmeans,10.370396042009816,1.7283993403349693,0.7954293750226498
34,3,13,500,20,10,6,kmeans,10.721928082988597,1.786988013831433,0.8777352089527994
34,4,13,500,20,10,6,kmeans,10.564506415976211,1.7607510693293686,0.8204942090669647
34,5,13,500,20,10,6,kmeans,10.187131875078194,1.6978553125130322,0.8102730000391603
34,6,13,500,20,10,6,kmeans,10.103558999951929,1.683926499991988,0.8107627080753446
34,3,14,500,20,10,6,kmeans,10.773087957990356,1.7955146596650593,0.835867292014882
34,4,14,500,20,10,6,kmeans,10.500374541967176,1.750062423661196,0.7891937909880653
34,5,14,500,20,10,6,kmeans,10.38533641595859,1.7308894026597652,0.8050239169970155
34,6,14,500,20,10,6,kmeans,10.252301707980223,1.708716951330037,0.8290210829582065
34,3,15,500,20,10,6,kmeans,10.417667916975915,1.7362779861626525,0.8472818330628797
34,4,15,500,20,10,6,kmeans,10.459334874991328,1.7432224791652213,0.8024632090236992
34,5,15,500,20,10,6,kmeans,10.217645415919833,1.7029409026533056,0.7949666250497103
34,6,15,500,20,10,6,kmeans,10.319514709059149,1.7199191181765248,0.7874486249638721
34,3,16,500,20,10,6,kmeans,10.851990374969319,1.8086650624948863,0.8070259999949485
34,4,16,500,20,10,6,kmeans,10.636200250010006,1.7727000416683343,0.8439474999904633
34,5,16,500,20,10,6,kmeans,10.158084125025198,1.693014020837533,0.7982762500178069
34,6,16,500,20,10,6,kmeans,10.17498291702941,1.6958304861715685,0.7758544170064852
34,3,17,500,20,10,6,kmeans,10.72036879195366,1.7867281319922768,0.84851916693151
34,4,17,500,20,10,6,kmeans,10.542348082992248,1.7570580138320413,0.838824333040975
34,5,17,500,20,10,6,kmeans,10.358696750015952,1.726449458335992,0.8182837920030579
34,6,17,500,20,10,6,kmeans,10.0405046249507,1.6734174374917832,0.7854592090006918
34,3,18,500,20,10,6,kmeans,10.874248415930197,1.8123747359883662,0.8581647080136463
34,4,18,500,20,10,6,kmeans,10.640173083986156,1.7733621806643594,0.8157132499618456
34,5,18,500,20,10,6,kmeans,10.317128791939467,1.7195214653232445,0.7989688750822097
34,6,18,500,20,10,6,kmeans,9.98190437501762,1.6636507291696034,0.7820015411125496
34,3,19,500,20,10,6,kmeans,10.514741167076863,1.7524568611794773,0.7934935418888927
34,4,19,500,20,10,6,kmeans,10.30912733299192,1.7181878888319868,0.7843275000341237
34,5,19,500,20,10,6,kmeans,10.169311707955785,1.6948852846592974,0.7390641670208424
34,6,19,500,20,10,6,kmeans,10.120681084110402,1.6867801806850669,0.769239041954279
62,3,0,500,20,10,6,kmeans,11.510005791089498,1.9183342985149163,1.104672500048764
62,4,0,500,20,10,6,kmeans,11.118877750006504,1.8531462916677508,0.8287335420027375
62,5,0,500,20,10,6,kmeans,10.85129641694948,1.8085494028249134,0.828929541981779
62,6,0,500,20,10,6,kmeans,10.736192833050154,1.7893654721750256,0.825605666032061
62,3,1,500,20,10,6,kmeans,11.435562959057279,1.9059271598428797,0.8547708749538288
62,4,1,500,20,10,6,kmeans,11.07487808400765,1.8458130140012752,0.841033500037156
62,5,1,500,20,10,6,kmeans,10.875151749933138,1.812525291655523,0.8285218339879066
62,6,1,500,20,10,6,kmeans,10.841534833074547,1.8069224721790913,0.8265159589936957
62,3,2,500,20,10,6,kmeans,11.480879666050896,1.913479944341816,0.843060625018552
62,4,2,500,20,10,6,kmeans,11.044081957894377,1.8406803263157296,0.8144988330313936
62,5,2,500,20,10,6,kmeans,10.902050541946664,1.8170084236577775,0.8007360419724137
62,6,2,500,20,10,6,kmeans,10.777847249992192,1.7963078749986987,0.7781704999506474
62,3,3,500,20,10,6,kmeans,11.103077666950412,1.8505129444917354,0.8273035420570523
62,4,3,500,20,10,6,kmeans,10.965683292015456,1.827613882002576,0.7981186669785529
62,5,3,500,20,10,6,kmeans,10.739190750056878,1.7898651250094797,0.797666750033386
62,6,3,500,20,10,6,kmeans,10.63470175000839,1.772450291668065,0.8033364580478519
62,3,4,500,20,10,6,kmeans,11.344334458000958,1.8907224096668263,0.851628249976784
62,4,4,500,20,10,6,kmeans,11.15845758409705,1.8597429306828417,0.8545937499729916
62,5,4,500,20,10,6,kmeans,10.843815333093517,1.8073025555155862,0.8022306670900434
62,6,4,500,20,10,6,kmeans,10.569828417035751,1.7616380695059586,0.7872046249685809
62,3,5,500,20,10,6,kmeans,11.549905374995433,1.9249842291659054,0.8968334579840302
62,4,5,500,20,10,6,kmeans,11.327040790929459,1.8878401318215765,0.8157624579034746
62,5,5,500,20,10,6,kmeans,10.829581875004806,1.804930312500801,0.812464417074807
62,6,5,500,20,10,6,kmeans,10.771369084017351,1.7952281806695585,0.7872134589124471
62,3,6,500,20,10,6,kmeans,11.188167457934469,1.8646945763224114,0.8273045410169289
62,4,6,500,20,10,6,kmeans,10.77844295790419,1.7964071596506983,0.7856785840122029
62,5,6,500,20,10,6,kmeans,10.722707665991038,1.7871179443318397,0.8141213329508901
62,6,6,500,20,10,6,kmeans,10.550192583003081,1.7583654305005136,0.966887874994427
62,3,7,500,20,10,6,kmeans,11.346439042012207,1.8910731736687012,0.8494438749039546
62,4,7,500,20,10,6,kmeans,11.229516625055112,1.871586104175852,0.8605522089637816
62,5,7,500,20,10,6,kmeans,10.953127791988663,1.8255212986647773,0.7872802499914542
62,6,7,500,20,10,6,kmeans,10.749671875033528,1.7916119791722547,0.798292791005224
62,3,8,500,20,10,6,kmeans,11.292387541034259,1.8820645901723765,0.8688088330673054
62,4,8,500,20,10,6,kmeans,11.065756375086494,1.8442927291810822,0.8255215829703957
62,5,8,500,20,10,6,kmeans,10.836518500000238,1.8060864166667063,0.8042602500645444
62,6,8,500,20,10,6,kmeans,10.741443542065099,1.7902405903441831,0.8102160000707954
62,3,9,500,20,10,6,kmeans,11.248093665926717,1.874682277654453,0.8676342080580071
62,4,9,500,20,10,6,kmeans,10.914994374965318,1.8191657291608863,0.8231593749951571
62,5,9,500,20,10,6,kmeans,10.697660625097342,1.7829434375162236,0.8202298340620473
62,6,9,500,20,10,6,kmeans,10.774920249939896,1.7958200416566494,0.7906689579831436
62,3,10,500,20,10,6,kmeans,11.234852790948935,1.8724754651581559,0.88082933309488
62,4,10,500,20,10,6,kmeans,10.97751849994529,1.8295864166575484,0.842808875022456
62,5,10,500,20,10,6,kmeans,10.794764167047106,1.7991273611745175,0.8183827908942476
62,6,10,500,20,10,6,kmeans,10.753717834013514,1.792286305668919,0.8043008330278099
62,3,11,500,20,10,6,kmeans,11.705047541065142,1.9508412568441902,0.8901627080049366
62,4,11,500,20,10,6,kmeans,11.379691874957643,1.8966153124929406,0.8502067499794066
62,5,11,500,20,10,6,kmeans,10.950614999979734,1.8251024999966223,0.8154842089861631
62,6,11,500,20,10,6,kmeans,10.637625833973289,1.772937638995548,0.8149956669658422
62,3,12,500,20,10,6,kmeans,11.560910708969459,1.9268184514949098,0.871244249981828
62,4,12,500,20,10,6,kmeans,11.263042042031884,1.8771736736719806,0.8334305409807712
62,5,12,500,20,10,6,kmeans,11.086028250050731,1.8476713750084552,0.8313683340093121
62,6,12,500,20,10,6,kmeans,10.785567875020206,1.797594645836701,0.8034044589148834
62,3,13,500,20,10,6,kmeans,11.440753582981415,1.906792263830236,0.906674167024903
62,4,13,500,20,10,6,kmeans,11.036317582940683,1.839386263823447,0.8258977080695331
62,5,13,500,20,10,6,kmeans,10.821493500028737,1.8035822500047896,0.9481211249949411
62,6,13,500,20,10,6,kmeans,10.823544166982174,1.8039240278303623,0.8217627080157399
62,3,14,500,20,10,6,kmeans,11.63483949995134,1.9391399166585568,0.8441577079938725
62,4,14,500,20,10,6,kmeans,11.306879709009081,1.8844799515015136,0.8235122920013964
62,5,14,500,20,10,6,kmeans,11.031013958971016,1.8385023264951694,0.8192387500312179
62,6,14,500,20,10,6,kmeans,10.854234708007425,1.8090391180012375,0.8131898330757394
62,3,15,500,20,10,6,kmeans,11.311936125042848,1.8853226875071414,0.8084561249706894
62,4,15,500,20,10,6,kmeans,11.00880187493749,1.8348003124895815,0.8507768330164254
62,5,15,500,20,10,6,kmeans,10.816773041966371,1.8027955069943953,0.8095040000043809
62,6,15,500,20,10,6,kmeans,10.80481837503612,1.80080306250602,0.8365372499683872
62,3,16,500,20,10,6,kmeans,11.733144209021702,1.9555240348369505,0.8549131250474602
62,4,16,500,20,10,6,kmeans,11.31552737497259,1.8859212291620981,0.9039764159824699
62,5,16,500,20,10,6,kmeans,10.94706395897083,1.8245106598284717,0.8660717909224331
62,6,16,500,20,10,6,kmeans,10.599018125096336,1.7665030208493893,0.7992952920030802
62,3,17,500,20,10,6,kmeans,11.727769582998008,1.9546282638330013,0.8916755830869079
62,4,17,500,20,10,6,kmeans,11.254486624966376,1.8757477708277293,0.8554512080736458
62,5,17,500,20,10,6,kmeans,10.971774417092092,1.8286290695153486,0.8966451250016689
62,6,17,500,20,10,6,kmeans,10.741661165957339,1.7902768609928899,0.8180455421097577
62,3,18,500,20,10,6,kmeans,11.662753124954179,1.9437921874923632,0.8668558750068769
62,4,18,500,20,10,6,kmeans,11.331293207942508,1.888548867990418,0.854552041972056
62,5,18,500,20,10,6,kmeans,10.900109375012107,1.8166848958353512,0.8211540830088779
62,6,18,500,20,10,6,kmeans,10.630927875055932,1.7718213125093218,0.8238582079065964
62,3,19,500,20,10,6,kmeans,11.092842207988724,1.8488070346647874,0.8492849579779431
62,4,19,500,20,10,6,kmeans,11.124701541964896,1.854116923660816,0.799697499955073
62,5,19,500,20,10,6,kmeans,10.81210512504913,1.8020175208415214,0.8069262079661712
62,6,19,500,20,10,6,kmeans,10.701687125023454,1.7836145208372425,0.8154426249675453
116,3,0,500,20,10,6,kmeans,12.493422582978383,2.082237097163064,0.9108027500333264
116,4,0,500,20,10,6,kmeans,12.215634000021964,2.0359390000036606,0.8379912920063362
116,5,0,500,20,10,6,kmeans,11.76312554103788,1.9605209235063132,0.928030916955322
116,6,0,500,20,10,6,kmeans,11.857618500012904,1.9762697500021507,0.8917452079476789
116,3,1,500,20,10,6,kmeans,12.538796249893494,2.089799374982249,0.9156087499577552
116,4,1,500,20,10,6,kmeans,12.139746750006452,2.023291125001075,0.9324989159358665
116,5,1,500,20,10,6,kmeans,11.823447500006296,1.9705745833343826,0.8561040420318022
116,6,1,500,20,10,6,kmeans,11.694762457977049,1.949127076329508,0.90457679098472
116,3,2,500,20,10,6,kmeans,12.666804624954239,2.11113410415904,0.9598256250610575
116,4,2,500,20,10,6,kmeans,12.040478750015609,2.0067464583359347,0.8763235829537734
116,5,2,500,20,10,6,kmeans,11.849800958065316,1.9749668263442193,0.9230493330396712
116,6,2,500,20,10,6,kmeans,11.602542874985375,1.9337571458308958,0.8369292919524014
116,3,3,500,20,10,6,kmeans,12.235925999935716,2.039320999989286,0.9032622919185087
116,4,3,500,20,10,6,kmeans,12.142167833982967,2.0236946389971613,0.9078671250026673
116,5,3,500,20,10,6,kmeans,11.782935500028543,1.9638225833380905,0.9136120420880616
116,6,3,500,20,10,6,kmeans,11.733897167025134,1.9556495278375223,0.8253388749435544
116,3,4,500,20,10,6,kmeans,12.661605624947697,2.1102676041579493,0.9071283749071881
116,4,4,500,20,10,6,kmeans,12.210863374988548,2.0351438958314247,0.9196468329755589
116,5,4,500,20,10,6,kmeans,11.816098292008974,1.969349715334829,0.9189451660495251
116,6,4,500,20,10,6,kmeans,11.67199000006076,1.9453316666767932,0.9101609999779612
116,3,5,500,20,10,6,kmeans,12.91371699993033,2.152286166655055,1.0598794999532402
116,4,5,500,20,10,6,kmeans,12.340996959013864,2.0568328265023106,0.9144518329994753
116,5,5,500,20,10,6,kmeans,11.88401633396279,1.9806693889937985,0.876693541998975
116,6,5,500,20,10,6,kmeans,11.748204082949087,1.9580340138248478,0.8989340419648215
116,3,6,500,20,10,6,kmeans,12.362639916944318,2.060439986157386,0.901657750015147
116,4,6,500,20,10,6,kmeans,12.095631708041765,2.015938618006961,0.9054912090068683
116,5,6,500,20,10,6,kmeans,11.66564979206305,1.9442749653438416,0.8609094999264926
116,6,6,500,20,10,6,kmeans,11.736374208005145,1.9560623680008575,0.8908887919969857
116,3,7,500,20,10,6,kmeans,12.633127084001899,2.105521180666983,0.9365376670612022
116,4,7,500,20,10,6,kmeans,12.275168249965645,2.0458613749942742,0.9294188340427354
116,5,7,500,20,10,6,kmeans,11.788600333034992,1.9647667221724987,0.8375597080448642
116,6,7,500,20,10,6,kmeans,11.759136792039499,1.959856132006583,0.8551164999371395
116,3,8,500,20,10,6,kmeans,12.585612625000067,2.0976021041666777,1.1697994999121875
116,4,8,500,20,10,6,kmeans,12.433013541973196,2.072168923662199,0.8683112500002608
116,5,8,500,20,10,6,kmeans,11.88062983402051,1.9801049723367516,0.8467968340264633
116,6,8,500,20,10,6,kmeans,11.786004208028316,1.964334034671386,0.8879632920725271
116,3,9,500,20,10,6,kmeans,12.7808611249784,2.1301435208297335,0.9180654170922935
116,4,9,500,20,10,6,kmeans,12.163678791024722,2.02727979850412,0.8724498340161517
116,5,9,500,20,10,6,kmeans,11.990358165930957,1.9983930276551594,0.9682975419564173
116,6,9,500,20,10,6,kmeans,11.685675041982904,1.9476125069971506,0.858486459008418
116,3,10,500,20,10,6,kmeans,12.407487082993612,2.0679145138322688,0.8681959169916809
116,4,10,500,20,10,6,kmeans,12.059044332941994,2.009840722156999,0.9056094998959452
116,5,10,500,20,10,6,kmeans,11.77333495800849,1.9622224930014152,0.9489718750119209
116,6,10,500,20,10,6,kmeans,11.676402208977379,1.9460670348295632,0.8346120839705691
116,3,11,500,20,10,6,kmeans,12.982975833001547,2.1638293055002578,0.945820749970153
116,4,11,500,20,10,6,kmeans,12.626645250013098,2.104440875002183,0.888381875003688
116,5,11,500,20,10,6,kmeans,12.19098475005012,2.03183079167502,0.9496581249404699
116,6,11,500,20,10,6,kmeans,11.755314665962942,1.9592191109938237,0.8890744169475511
116,3,12,500,20,10,6,kmeans,12.699264874914661,2.1165441458191103,0.905754082952626
116,4,12,500,20,10,6,kmeans,12.611201792024076,2.101866965337346,0.8824356669792905
116,5,12,500,20,10,6,kmeans,12.060938208014704,2.0101563680024506,0.9119462909875438
116,6,12,500,20,10,6,kmeans,11.665144791943021,1.9441907986571703,0.85647937504109
116,3,13,500,20,10,6,kmeans,12.812837374978699,2.1354728958297833,0.9679813330294564
116,4,13,500,20,10,6,kmeans,12.058471624972299,2.0097452708287165,0.8803135410416871
116,5,13,500,20,10,6,kmeans,11.926060041994788,1.987676673665798,0.8749938340624794
116,6,13,500,20,10,6,kmeans,11.715340959024616,1.9525568265041027,0.8986818749690428
116,3,14,500,20,10,6,kmeans,12.991528208949603,2.1652547014916004,0.8916219170205295
116,4,14,500,20,10,6,kmeans,12.415871083037928,2.069311847172988,0.9435787500115111
116,5,14,500,20,10,6,kmeans,11.943916167016141,1.9906526945026901,0.9157054999377578
116,6,14,500,20,10,6,kmeans,11.730519167031161,1.955086527838527,0.8833803340094164
116,3,15,500,20,10,6,kmeans,12.434743667021394,2.072457277836899,0.8949486250057817
116,4,15,500,20,10,6,kmeans,12.052032790961675,2.008672131826946,0.876534792012535
116,5,15,500,20,10,6,kmeans,11.854036708013155,1.975672784668859,0.8411049169953912
116,6,15,500,20,10,6,kmeans,11.910544082988054,1.9850906804980089,0.8721040410455316
116,3,16,500,20,10,6,kmeans,12.970625124988146,2.161770854164691,0.9580158340977505
116,4,16,500,20,10,6,kmeans,12.491062332992442,2.081843722165407,0.8823717499617487
116,5,16,500,20,10,6,kmeans,11.822630915907212,1.9704384859845352,0.9047997919842601
116,6,16,500,20,10,6,kmeans,11.694546750048175,1.9490911250080292,0.8481537500629202
116,3,17,500,20,10,6,kmeans,13.03451024997048,2.1724183749950803,0.9347499170107767
116,4,17,500,20,10,6,kmeans,12.435860500088893,2.072643416681482,0.9339371250243858
116,5,17,500,20,10,6,kmeans,11.995476290932857,1.9992460484888095,0.9048167919972911
116,6,17,500,20,10,6,kmeans,11.683546249987558,1.9472577083312597,0.8813096670201048
116,3,18,500,20,10,6,kmeans,13.065028041950427,2.1775046736584045,0.9319934169761837
116,4,18,500,20,10,6,kmeans,12.705153416027315,2.117525569337886,0.9536711670225486
116,5,18,500,20,10,6,kmeans,12.184119041077793,2.030686506846299,0.8577685839263722
116,6,18,500,20,10,6,kmeans,11.65575608308427,1.9426260138473783,0.844799124985002
116,3,19,500,20,10,6,kmeans,12.540822167065926,2.090137027844321,1.0314828749978915
116,4,19,500,20,10,6,kmeans,12.052298416965641,2.008716402827607,0.8505397499538958
116,5,19,500,20,10,6,kmeans,11.83654795808252,1.9727579930137533,0.9215375420171767
116,6,19,500,20,10,6,kmeans,11.75805850001052,1.95967641666842,0.8573106249095872
214,3,0,500,20,10,6,kmeans,14.266563499928452,2.377760583321409,1.0024657079484314
214,4,0,500,20,10,6,kmeans,13.630855457973666,2.271809242995611,0.9482555839931592
214,5,0,500,20,10,6,kmeans,13.184852416976355,2.1974754028293924,0.9538281669374555
214,6,0,500,20,10,6,kmeans,13.09694883308839,2.182824805514732,0.9270885000005364
214,3,1,500,20,10,6,kmeans,14.420347249950282,2.403391208325047,1.1070300829596817
214,4,1,500,20,10,6,kmeans,14.002398499986157,2.333733083331026,1.1190688330680132
214,5,1,500,20,10,6,kmeans,13.615480666980147,2.2692467778300247,0.9855486659798771
214,6,1,500,20,10,6,kmeans,13.40260979195591,2.2337682986593186,1.0741293340688571
214,3,2,500,20,10,6,kmeans,14.630774875055067,2.4384624791758447,1.1539044589735568
214,4,2,500,20,10,6,kmeans,13.627716916962527,2.271286152827088,0.9489597920328379
214,5,2,500,20,10,6,kmeans,13.291106582968496,2.2151844304947494,0.9251266670180485
214,6,2,500,20,10,6,kmeans,13.195193166960962,2.1991988611601605,0.9422301669837907
214,3,3,500,20,10,6,kmeans,14.045258541009389,2.3408764235015647,0.9246620829217136
214,4,3,500,20,10,6,kmeans,13.637372999917716,2.272895499986286,0.9331531249918044
214,5,3,500,20,10,6,kmeans,13.365762874949723,2.227627145824954,0.9499403750523925
214,6,3,500,20,10,6,kmeans,13.1483668750152,2.1913944791691997,0.9235318750143051
214,3,4,500,20,10,6,kmeans,14.488593459012918,2.414765576502153,0.9809224579948932
214,4,4,500,20,10,6,kmeans,13.819283791002817,2.3032139651671364,0.9347909579519182
214,5,4,500,20,10,6,kmeans,13.656075790990144,2.2760126318316907,1.170686375000514
214,6,4,500,20,10,6,kmeans,13.498974916059524,2.2498291526765875,1.185032834066078
214,3,5,500,20,10,6,kmeans,15.049390083993785,2.508231680665631,1.2467259999830276
214,4,5,500,20,10,6,kmeans,14.499952958081849,2.416658826346975,1.1880349999992177
214,5,5,500,20,10,6,kmeans,13.85957408300601,2.309929013834335,1.201694875024259
214,6,5,500,20,10,6,kmeans,13.569075917010196,2.2615126528350324,1.1471557080512866
214,3,6,500,20,10,6,kmeans,14.384676292072982,2.3974460486788303,1.1850655840244144
214,4,6,500,20,10,6,kmeans,13.942450083093718,2.3237416805156195,1.18306233396288
214,5,6,500,20,10,6,kmeans,13.548889499972574,2.258148249995429,1.1903102500364184
214,6,6,500,20,10,6,kmeans,13.509036332950927,2.2515060554918214,1.1682625829707831
214,3,7,500,20,10,6,kmeans,14.993544208002277,2.4989240346670463,1.2135445000603795
214,4,7,500,20,10,6,kmeans,14.47263091604691,2.412105152674485,1.1814679160015658
214,5,7,500,20,10,6,kmeans,13.650089291040786,2.275014881840131,1.1504487909842283
214,6,7,500,20,10,6,kmeans,13.498903208062984,2.2498172013438307,1.1305259999353439
214,3,8,500,20,10,6,kmeans,14.849022625014186,2.474837104169031,1.232479291036725
214,4,8,500,20,10,6,kmeans,14.214125624974258,2.36902093749571,1.2042104169959202
214,5,8,500,20,10,6,kmeans,13.890113667002879,2.31501894450048,1.1719541660277173
214,6,8,500,20,10,6,kmeans,13.529789875028655,2.2549649791714423,1.1765826659975573
214,3,9,500,20,10,6,kmeans,14.787125749979168,2.4645209583298615,1.2414531250251457
214,4,9,500,20,10,6,kmeans,14.224277124973014,2.370712854162169,1.169101707986556
214,5,9,500,20,10,6,kmeans,13.761062250006944,2.293510375001157,1.1758773749461398
214,6,9,500,20,10,6,kmeans,13.711109791998751,2.285184965333125,1.143319332972169
214,3,10,500,20,10,6,kmeans,14.488262083963491,2.4147103473272487,1.2150840410031378
214,4,10,500,20,10,6,kmeans,13.91025674995035,2.3183761249917247,0.9282690000254661
214,5,10,500,20,10,6,kmeans,13.345441417070106,2.224240236178351,0.9246112910332158
214,6,10,500,20,10,6,kmeans,13.165494375047274,2.194249062507879,0.941993165994063
214,3,11,500,20,10,6,kmeans,14.869210541946813,2.4782017569911354,1.0437222499167547
214,4,11,500,20,10,6,kmeans,14.491538124973886,2.4152563541623144,1.1438992909388617
214,5,11,500,20,10,6,kmeans,13.683111959020607,2.2805186598367677,0.962912124930881
214,6,11,500,20,10,6,kmeans,13.225604207953438,2.2042673679922395,0.9336198749952018
214,3,12,500,20,10,6,kmeans,14.606989584048279,2.4344982640080466,0.9736996249994263
214,4,12,500,20,10,6,kmeans,14.264289165963419,2.3773815276605696,0.9696929160272703
214,5,12,500,20,10,6,kmeans,13.701257208012976,2.2835428680021628,0.9352649160427973
214,6,12,500,20,10,6,kmeans,13.30925429193303,2.218209048655505,0.9969780419487506
214,3,13,500,20,10,6,kmeans,14.694077000021935,2.449012833336989,1.009216499980539
214,4,13,500,20,10,6,kmeans,13.776788791059516,2.296131465176586,0.9374407499562949
214,5,13,500,20,10,6,kmeans,13.312425167066976,2.218737527844496,0.9435032920446247
214,6,13,500,20,10,6,kmeans,13.208510833908804,2.201418472318134,0.9717464999994263
214,3,14,500,20,10,6,kmeans,14.783167582936585,2.463861263822764,0.9888901659287512
214,4,14,500,20,10,6,kmeans,14.088257208000869,2.3480428680001446,0.9873936659423634
214,5,14,500,20,10,6,kmeans,13.623645707964897,2.2706076179941497,0.991540375049226
214,6,14,500,20,10,6,kmeans,13.310103666968644,2.2183506111614406,0.9188259160146117
214,3,15,500,20,10,6,kmeans,14.138006833032705,2.3563344721721173,0.9777431669645011
214,4,15,500,20,10,6,kmeans,13.77827079105191,2.296378465175318,0.9326303750276566
214,5,15,500,20,10,6,kmeans,13.218551042024046,2.203091840337341,0.947195207932964
214,6,15,500,20,10,6,kmeans,13.311612207908183,2.2186020346513637,0.9290298329433426
214,3,16,500,20,10,6,kmeans,15.229970208951272,2.5383283681585453,0.9928526249714196
214,4,16,500,20,10,6,kmeans,14.166370915947482,2.3610618193245805,0.9487001670058817
214,5,16,500,20,10,6,kmeans,13.395408834097907,2.2325681390163177,0.912686208030209
214,6,16,500,20,10,6,kmeans,13.122632874990813,2.1871054791651354,0.9329354170477018
214,3,17,500,20,10,6,kmeans,14.894826584029943,2.482471097338324,1.1718565829796717
214,4,17,500,20,10,6,kmeans,14.757445125025697,2.4595741875042827,1.2725154589861631
214,5,17,500,20,10,6,kmeans,13.596655333065428,2.266109222177571,0.9477049999404699
214,6,17,500,20,10,6,kmeans,13.191185333067551,2.198530888844592,0.9303826669929549
214,3,18,500,20,10,6,kmeans,14.976967749884352,2.496161291647392,1.081317957956344
214,4,18,500,20,10,6,kmeans,14.603885042015463,2.4339808403359107,0.9876579999690875
214,5,18,500,20,10,6,kmeans,13.703500458039343,2.2839167430065572,1.0101362919667736
214,6,18,500,20,10,6,kmeans,13.449879082967527,2.2416465138279213,1.0718872079160064
214,3,19,500,20,10,6,kmeans,13.993572790990584,2.332262131831764,1.1259392920183018
214,4,19,500,20,10,6,kmeans,13.8423030419508,2.3070505069918,1.1048997920006514
214,5,19,500,20,10,6,kmeans,13.274423124967143,2.2124038541611903,1.0147054579574615
214,6,19,500,20,10,6,kmeans,13.385431499918923,2.230905249986487,1.0629771670792252
396,3,0,500,20,10,6,kmeans,17.429096624953672,2.904849437492279,1.2119524159934372
396,4,0,500,20,10,6,kmeans,16.48249654204119,2.747082757006865,1.329665083088912
396,5,0,500,20,10,6,kmeans,16.025226750061847,2.670871125010308,1.2562524169916287
396,6,0,500,20,10,6,kmeans,15.727440042071976,2.621240007011996,1.2649535000091419
396,3,1,500,20,10,6,kmeans,17.567148917005397,2.927858152834233,1.1562257090117782
396,4,1,500,20,10,6,kmeans,16.623117749928497,2.770519624988083,1.1111083750147372
396,5,1,500,20,10,6,kmeans,16.238398291985504,2.7063997153309174,1.0975337499985471
396,6,1,500,20,10,6,kmeans,15.931127249961719,2.65518787499362,1.0936183750163764
396,3,2,500,20,10,6,kmeans,17.712304582935758,2.9520507638226263,1.211007749894634
396,4,2,500,20,10,6,kmeans,16.476308416109532,2.746051402684922,1.0991207079496235
396,5,2,500,20,10,6,kmeans,16.013998292037286,2.6689997153395475,1.0715479159262031
396,6,2,500,20,10,6,kmeans,15.754365124972537,2.625727520828756,1.085249583935365
396,3,3,500,20,10,6,kmeans,16.87037454196252,2.8117290903270864,1.1089936250355095
396,4,3,500,20,10,6,kmeans,16.27569904201664,2.7126165070027732,1.0872562500881031
396,5,3,500,20,10,6,kmeans,15.914751084055752,2.652458514009292,1.1425348329357803
396,6,3,500,20,10,6,kmeans,15.749428708921187,2.6249047848201976,1.0506378329591826
396,3,4,500,20,10,6,kmeans,17.73472587496508,2.955787645827513,1.1381458749528974
396,4,4,500,20,10,6,kmeans,16.833195416023955,2.8055325693373256,1.2112100420054048
396,5,4,500,20,10,6,kmeans,15.983821833040565,2.6639703055067607,1.1239841670030728
396,6,4,500,20,10,6,kmeans,15.879038083017804,2.646506347169634,1.0678631250048056
396,3,5,500,20,10,6,kmeans,18.13873987493571,3.0231233124892847,1.1322514589410275
396,4,5,500,20,10,6,kmeans,16.779281875002198,2.796546979167033,1.1050282920477912
396,5,5,500,20,10,6,kmeans,16.068145791068673,2.6780242985114455,1.2212490420788527
396,6,5,500,20,10,6,kmeans,15.65711154206656,2.6095185903444267,1.0742027499945834
396,3,6,500,20,10,6,kmeans,16.905883624916896,2.817647270819483,1.047569917049259
396,4,6,500,20,10,6,kmeans,16.093251124955714,2.6822085208259523,1.1676510829711333
396,5,6,500,20,10,6,kmeans,15.814541750005446,2.635756958334241,1.0877750830259174
396,6,6,500,20,10,6,kmeans,15.89711345906835,2.649518909844725,1.0949740830110386
396,3,7,500,20,10,6,kmeans,17.738477709004655,2.9564129515007758,1.1158927918877453
396,4,7,500,20,10,6,kmeans,16.840059165959246,2.8066765276598744,1.1073052079882473
396,5,7,500,20,10,6,kmeans,16.110786541947164,2.685131090324527,1.0777821249794215
396,6,7,500,20,10,6,kmeans,15.765040291007608,2.6275067151679345,1.0959976250305772
396,3,8,500,20,10,6,kmeans,17.56239979097154,2.92706663182859,1.137874084059149
396,4,8,500,20,10,6,kmeans,16.938400333048776,2.823066722174796,1.2099719579564407
396,5,8,500,20,10,6,kmeans,16.00654279103037,2.667757131838395,1.1182022501016036
396,6,8,500,20,10,6,kmeans,15.76645508396905,2.6277425139948414,1.1203244170174003
396,3,9,500,20,10,6,kmeans,17.570056000025943,2.9283426666709906,1.2602888329420239
396,4,9,500,20,10,6,kmeans,16.449151042033918,2.74152517367232,1.1039381249574944
396,5,9,500,20,10,6,kmeans,16.074485957971774,2.6790809929952957,1.088562750024721
396,6,9,500,20,10,6,kmeans,15.605736874975264,2.6009561458292105,1.0967778339982033
396,3,10,500,20,10,6,kmeans,17.02858704107348,2.838097840178913,1.2179812920512632
396,4,10,500,20,10,6,kmeans,16.395212916075252,2.732535486012542,1.0987027500523254
396,5,10,500,20,10,6,kmeans,15.854743583011441,2.64245726383524,1.1088786670006812
396,6,10,500,20,10,6,kmeans,15.905423708027229,2.6509039513378716,1.1019308749819174
396,3,11,500,20,10,6,kmeans,18.30187325004954,3.0503122083415897,1.1070738330017775
396,4,11,500,20,10,6,kmeans,17.45078850002028,2.9084647500033802,1.1049863330554217
396,5,11,500,20,10,6,kmeans,16.346327082952484,2.7243878471587473,1.3404943329514936
396,6,11,500,20,10,6,kmeans,16.041192749980837,2.673532124996806,1.2920021249447018
396,3,12,500,20,10,6,kmeans,17.67755391600076,2.9462589860001267,1.2496850830502808
396,4,12,500,20,10,6,kmeans,17.33506391593255,2.889177319322092,1.4508999160025269
396,5,12,500,20,10,6,kmeans,16.558036375092342,2.759672729182057,1.186130875023082
396,6,12,500,20,10,6,kmeans,15.835977582959458,2.6393295971599096,1.347805916913785
396,3,13,500,20,10,6,kmeans,17.908465833985247,2.984744305664208,1.347878957982175
396,4,13,500,20,10,6,kmeans,16.56080475007184,2.760134125011973,1.2937162920134142
396,5,13,500,20,10,6,kmeans,15.915540541987866,2.652590090331311,1.0812939999159425
396,6,13,500,20,10,6,kmeans,15.752719874959439,2.62545331249324,1.1860797089757398
396,3,14,500,20,10,6,kmeans,18.07713354099542,3.0128555901659033,1.1524850419955328
396,4,14,500,20,10,6,kmeans,16.911059124977328,2.818509854162888,1.1088188339490443
396,5,14,500,20,10,6,kmeans,16.46137449995149,2.7435624166585817,1.1112482079770416
396,6,14,500,20,10,6,kmeans,15.66632954205852,2.61105492367642,1.1009818750899285
396,3,15,500,20,10,6,kmeans,17.13864170794841,2.8564402846580683,1.1266799999866635
396,4,15,500,20,10,6,kmeans,16.460802208981477,2.743467034830246,1.068532416014932
396,5,15,500,20,10,6,kmeans,16.084652582998388,2.680775430499731,1.0921037920052186
396,6,15,500,20,10,6,kmeans,15.820850374992006,2.6368083958320008,1.294138666940853
396,3,16,500,20,10,6,kmeans,18.400097624980845,3.0666829374968074,1.145949792000465
396,4,16,500,20,10,6,kmeans,17.043522999971174,2.8405871666618623,1.1134034169372171
396,5,16,500,20,10,6,kmeans,16.152078000013717,2.692013000002286,1.2367877920623869
396,6,16,500,20,10,6,kmeans,15.840471958043054,2.640078659673842,1.107531666988507
396,3,17,500,20,10,6,kmeans,18.260895082959905,3.043482513826651,1.164580125012435
396,4,17,500,20,10,6,kmeans,17.411891124909744,2.901981854151624,1.124703000066802
396,5,17,500,20,10,6,kmeans,16.51296550000552,2.7521609166675867,1.0981406660284847
396,6,17,500,20,10,6,kmeans,15.658452708972618,2.609742118162103,1.0952025409787893
396,3,18,500,20,10,6,kmeans,18.78358270903118,3.1305971181718633,1.1633611660217866
396,4,18,500,20,10,6,kmeans,17.670580459060147,2.9450967431766912,1.108220041031018
396,5,18,500,20,10,6,kmeans,16.31226766598411,2.7187112776640183,1.1332607910735533
396,6,18,500,20,10,6,kmeans,15.768280624994077,2.6280467708323463,1.0846870419336483
396,3,19,500,20,10,6,kmeans,16.94848274998367,2.824747124997278,1.1055162909906358
396,4,19,500,20,10,6,kmeans,16.31677833397407,2.719463055662345,1.0880782500607893
396,5,19,500,20,10,6,kmeans,15.774501624982804,2.629083604163801,1.0794268749887124
396,6,19,500,20,10,6,kmeans,15.796418500016443,2.6327364166694074,1.088641291949898
732,3,0,500,20,10,6,kmeans,21.656216584029607,3.609369430671601,1.458402374992147
732,4,0,500,20,10,6,kmeans,20.01337020797655,3.335561701329425,1.4338144999928772
732,5,0,500,20,10,6,kmeans,19.54163387499284,3.2569389791654735,1.466926833963953
732,6,0,500,20,10,6,kmeans,19.152985582943074,3.192164263823846,1.418466707924381
732,3,1,500,20,10,6,kmeans,21.774103416944854,3.6290172361574755,1.4852414999622852
732,4,1,500,20,10,6,kmeans,20.6029601249611,3.4338266874935166,1.438766915933229
732,5,1,500,20,10,6,kmeans,20.093661959050223,3.3489436598417037,1.4100899170152843
732,6,1,500,20,10,6,kmeans,19.2608082909137,3.2101347151522837,1.4080649160314351
732,3,2,500,20,10,6,kmeans,22.268580375006422,3.7114300625010705,1.4392710420070216
732,4,2,500,20,10,6,kmeans,20.053951250039972,3.3423252083399952,1.4458409999497235
732,5,2,500,20,10,6,kmeans,19.69053066696506,3.281755111160843,1.4287619580281898
732,6,2,500,20,10,6,kmeans,19.325869249994867,3.2209782083324776,1.4408541249576956
732,3,3,500,20,10,6,kmeans,20.65571004105732,3.4426183401762196,1.4283715420169756
732,4,3,500,20,10,6,kmeans,19.92589020798914,3.3209817013315237,1.434505166951567
732,5,3,500,20,10,6,kmeans,19.565063458983786,3.260843909830631,1.40855016594287
732,6,3,500,20,10,6,kmeans,19.36586174997501,3.227643624995835,1.441715040942654
732,3,4,500,20,10,6,kmeans,22.28839150001295,3.714731916668825,1.4346216659760103
732,4,4,500,20,10,6,kmeans,21.21558820793871,3.5359313679897846,1.4701058330247179
732,5,4,500,20,10,6,kmeans,19.92222429206595,3.3203707153443247,1.4477941669756547
732,6,4,500,20,10,6,kmeans,19.401546958019026,3.2335911596698375,1.4331433330662549
732,3,5,500,20,10,6,kmeans,22.84504533407744,3.807507555679573,1.5000288750743493
732,4,5,500,20,10,6,kmeans,21.01684325002134,3.5028072083368897,1.3981948749860749
732,5,5,500,20,10,6,kmeans,19.88908483297564,3.3148474721626067,1.466556083993055
732,6,5,500,20,10,6,kmeans,19.606516582891345,3.267752763815224,1.6006403340725228
732,3,6,500,20,10,6,kmeans,20.753453082987107,3.4589088471645177,1.4201616250211373
732,4,6,500,20,10,6,kmeans,19.802940875058994,3.3004901458431655,1.406173542025499
732,5,6,500,20,10,6,kmeans,19.60162962495815,3.2669382708263583,1.5615851669572294
732,6,6,500,20,10,6,kmeans,19.40698945906479,3.2344982431774647,1.4646810829872265
732,3,7,500,20,10,6,kmeans,22.06206679099705,3.677011131832842,1.498168250080198
732,4,7,500,20,10,6,kmeans,21.092427458032034,3.5154045763386725,1.446165999979712
732,5,7,500,20,10,6,kmeans,19.521108167013153,3.2535180278355256,1.4445076660485938
732,6,7,500,20,10,6,kmeans,19.444358249893412,3.2407263749822355,1.5107492089737207
732,3,8,500,20,10,6,kmeans,21.739989291061647,3.6233315485102744,1.4633773330133408
732,4,8,500,20,10,6,kmeans,20.761133834021166,3.460188972336861,1.4084080839529634
732,5,8,500,20,10,6,kmeans,19.98761679197196,3.33126946532866,1.4428766669007018
732,6,8,500,20,10,6,kmeans,19.267239499953575,3.211206583325596,1.4353600420290604
732,3,9,500,20,10,6,kmeans,22.113887541927397,3.685647923654566,1.5065959999337792
732,4,9,500,20,10,6,kmeans,20.342074915999547,3.3903458193332576,1.4807123749051243
732,5,9,500,20,10,6,kmeans,19.728221124969423,3.2880368541615703,1.388288041925989
732,6,9,500,20,10,6,kmeans,19.297051541972905,3.2161752569954842,1.4474148749141023
732,3,10,500,20,10,6,kmeans,20.92047095799353,3.4867451596655883,1.4442027499899268
732,4,10,500,20,10,6,kmeans,20.31195695803035,3.3853261596717252,1.4584990420844406
732,5,10,500,20,10,6,kmeans,19.28413687495049,3.2140228124917485,1.4334593750536442
732,6,10,500,20,10,6,kmeans,19.507743334048428,3.251290555674738,1.4339151660678908
732,3,11,500,20,10,6,kmeans,22.906157042016275,3.8176928403360457,1.4916939160320908
732,4,11,500,20,10,6,kmeans,21.932348584057763,3.655391430676294,1.4804553750436753
732,5,11,500,20,10,6,kmeans,20.2351529590087,3.372525493168117,1.4805054999887943
732,6,11,500,20,10,6,kmeans,19.47173708304763,3.2452895138412714,1.4960132909473032
732,3,12,500,20,10,6,kmeans,21.97863537503872,3.6631058958397866,1.470287499949336
732,4,12,500,20,10,6,kmeans,21.545735125080682,3.590955854180114,1.4506482919678092
732,5,12,500,20,10,6,kmeans,20.15973195794504,3.3599553263241737,1.3874985000584275
732,6,12,500,20,10,6,kmeans,19.21835825010203,3.203059708350338,1.3841984579339623
732,3,13,500,20,10,6,kmeans,22.276839250000194,3.712806541666699,1.4420029589673504
732,4,13,500,20,10,6,kmeans,20.37334670801647,3.395557784669412,1.3881195000139996
732,5,13,500,20,10,6,kmeans,19.565786374965683,3.2609643958276138,1.5307187919970602
732,6,13,500,20,10,6,kmeans,19.4145130419638,3.2357521736606336,1.4401403749361634
732,3,14,500,20,10,6,kmeans,22.8152202910278,3.8025367151713,1.4701472079614177
732,4,14,500,20,10,6,kmeans,21.084699959028512,3.5141166598380855,1.6501936659915373
732,5,14,500,20,10,6,kmeans,20.218477083020844,3.369746180503474,1.5131406250875443
732,6,14,500,20,10,6,kmeans,19.47311666700989,3.245519444501648,1.458039915887639
732,3,15,500,20,10,6,kmeans,21.329486000002362,3.554914333333727,1.450991416000761
732,4,15,500,20,10,6,kmeans,20.32568562508095,3.387614270846825,1.6777897500433028
732,5,15,500,20,10,6,kmeans,19.713079208042473,3.2855132013404122,1.4957611659774557
732,6,15,500,20,10,6,kmeans,19.481191833037883,3.2468653055063137,1.5658808329608291
732,3,16,500,20,10,6,kmeans,23.14222024998162,3.85703670833027,1.4975360840326175
732,4,16,500,20,10,6,kmeans,21.33946708298754,3.55657784716459,1.4640097910305485
732,5,16,500,20,10,6,kmeans,19.713739459053613,3.285623243175602,1.4557092499453574
732,6,16,500,20,10,6,kmeans,19.6585213750368,3.2764202291727997,1.5660419159103185
732,3,17,500,20,10,6,kmeans,23.135217041010037,3.855869506835006,1.4744862499646842
732,4,17,500,20,10,6,kmeans,21.587708291015588,3.5979513818359314,1.4569135409547016
732,5,17,500,20,10,6,kmeans,19.98221895901952,3.330369826503253,1.6332419579848647
732,6,17,500,20,10,6,kmeans,19.606639291974716,3.2677732153291195,1.3876500829355791
732,3,18,500,20,10,6,kmeans,23.62323858309537,3.937206430515895,1.5180813750484958
732,4,18,500,20,10,6,kmeans,21.971299499971792,3.6618832499952987,1.4640827499097213
732,5,18,500,20,10,6,kmeans,19.91439720802009,3.319066201336682,1.4789203340187669
732,6,18,500,20,10,6,kmeans,19.800458208075725,3.3000763680126206,1.5256339169573039
732,3,19,500,20,10,6,kmeans,20.865380249917507,3.4775633749862513,1.4076927090063691
732,4,19,500,20,10,6,kmeans,19.957378749968484,3.326229791661414,1.4355751249240711
732,5,19,500,20,10,6,kmeans,19.649418415967375,3.274903069327896,1.4609324999619275
732,6,19,500,20,10,6,kmeans,19.4692637079861,3.24487728466435,1.5019155000336468
1353,3,0,500,20,10,6,kmeans,30.023698832956143,5.003949805492691,2.2975893749389797
1353,4,0,500,20,10,6,kmeans,29.504701207973994,4.917450201328999,2.3148709579836577
1353,5,0,500,20,10,6,kmeans,28.528083374956623,4.75468056249277,2.282838457962498
1353,6,0,500,20,10,6,kmeans,28.126176625024527,4.6876961041707546,2.038920541992411
1353,3,1,500,20,10,6,kmeans,30.535635958076455,5.089272659679409,2.4479061659658328
1353,4,1,500,20,10,6,kmeans,29.28554583294317,4.880924305490528,2.49792399990838
1353,5,1,500,20,10,6,kmeans,29.46543954196386,4.91090659032731,2.493264166987501
1353,6,1,500,20,10,6,kmeans,29.272048750077374,4.878674791679562,2.466207041987218
1353,3,2,500,20,10,6,kmeans,31.093905666959472,5.182317611159912,2.49018512503244
1353,4,2,500,20,10,6,kmeans,28.81390512501821,4.802317520836368,2.4782347090076655
1353,5,2,500,20,10,6,kmeans,27.781477499986067,4.630246249997678,2.2364264589268714
1353,6,2,500,20,10,6,kmeans,28.477324249921367,4.7462207083202275,2.058376666973345
1353,3,3,500,20,10,6,kmeans,29.190105500048958,4.865017583341493,2.050391542026773
1353,4,3,500,20,10,6,kmeans,28.682453082990833,4.7804088471651385,2.0114789590006694
1353,5,3,500,20,10,6,kmeans,28.85382674995344,4.80897112499224,1.992803749977611
1353,6,3,500,20,10,6,kmeans,28.896347916917875,4.8160579861529795,2.0404989999951795
1353,3,4,500,20,10,6,kmeans,31.066137416055426,5.177689569342571,2.0483785420656204
1353,4,4,500,20,10,6,kmeans,29.41010183398612,4.901683638997686,2.0331489159725606
1353,5,4,500,20,10,6,kmeans,28.79469362506643,4.7991156041777385,2.0060022090328857
1353,6,4,500,20,10,6,kmeans,28.45468012499623,4.742446687499371,2.0167357079917565
1353,3,5,500,20,10,6,kmeans,31.541813209070824,5.256968868178471,2.091108499909751
1353,4,5,500,20,10,6,kmeans,28.74467491696123,4.790779152826872,2.024906083010137
1353,5,5,500,20,10,6,kmeans,28.891685875016265,4.815280979169377,2.03682783304248
1353,6,5,500,20,10,6,kmeans,28.773660499951802,4.7956100833253,2.0928557090228423
1353,3,6,500,20,10,6,kmeans,29.226123041007668,4.871020506834611,1.9901566669577733
1353,4,6,500,20,10,6,kmeans,28.000504750059918,4.666750791676653,2.030982124968432
1353,5,6,500,20,10,6,kmeans,28.261763124959543,4.710293854159924,2.006751917069778
1353,6,6,500,20,10,6,kmeans,28.66837554203812,4.778062590339687,2.0824919580481946
1353,3,7,500,20,10,6,kmeans,30.881686124950647,5.146947687491775,2.011008166940883
1353,4,7,500,20,10,6,kmeans,29.60619687498547,4.934366145830912,2.0521085830405354
1353,5,7,500,20,10,6,kmeans,28.877887374954298,4.81298122915905,2.0195532909128815
1353,6,7,500,20,10,6,kmeans,28.94938683300279,4.824897805500465,2.0174559169681743
1353,3,8,500,20,10,6,kmeans,30.260492000030354,5.043415333338392,2.0066696669673547
1353,4,8,500,20,10,6,kmeans,29.81815283303149,4.969692138838582,2.0902261250885203
1353,5,8,500,20,10,6,kmeans,28.281078041996807,4.7135130069994675,2.045437666005455
1353,6,8,500,20,10,6,kmeans,28.65516587498132,4.775860979163554,2.0767493749735877
1353,3,9,500,20,10,6,kmeans,30.553613417083398,5.092268902847233,2.056830000015907
1353,4,9,500,20,10,6,kmeans,28.967009208048694,4.827834868008115,2.0491910410346463
1353,5,9,500,20,10,6,kmeans,28.610839791945182,4.76847329865753,2.0535615830449387
1353,6,9,500,20,10,6,kmeans,28.922095917048864,4.820349319508144,2.060387915931642
1353,3,10,500,20,10,6,kmeans,29.335518333944492,4.889253055657416,2.0045089999912307
1353,4,10,500,20,10,6,kmeans,28.89231095800642,4.815385159667737,2.0314544580178335
1353,5,10,500,20,10,6,kmeans,28.111425832961686,4.685237638826948,2.005760666099377
1353,6,10,500,20,10,6,kmeans,29.040735292015597,4.8401225486692665,2.174431625055149
1353,3,11,500,20,10,6,kmeans,31.688158834003843,5.281359805667307,2.094805874978192
1353,4,11,500,20,10,6,kmeans,31.5467115000356,5.257785250005933,2.0475682920077816
1353,5,11,500,20,10,6,kmeans,28.841225291020237,4.806870881836706,2.016270958003588
1353,6,11,500,20,10,6,kmeans,28.390955458045937,4.731825909674323,2.092920957948081
1353,3,12,500,20,10,6,kmeans,31.03038666700013,5.171731111166689,2.026072624954395
1353,4,12,500,20,10,6,kmeans,30.471341750002466,5.078556958333745,2.0405583750689402
1353,5,12,500,20,10,6,kmeans,28.6395717500709,4.77326195834515,2.0556790829868987
1353,6,12,500,20,10,6,kmeans,29.080696916906163,4.8467828194843605,2.1974537919741124
1353,3,13,500,20,10,6,kmeans,32.07449370902032,5.345748951503386,2.206203083973378
1353,4,13,500,20,10,6,kmeans,28.530417708912864,4.755069618152144,2.108387416927144
1353,5,13,500,20,10,6,kmeans,28.903795916005038,4.817299319334173,2.095077790901996
1353,6,13,500,20,10,6,kmeans,28.62834199995268,4.771390333325447,2.0243344999616966
1353,3,14,500,20,10,6,kmeans,32.106475125066936,5.351079187511156,2.1071377920452505
1353,4,14,500,20,10,6,kmeans,29.467839666991495,4.911306611165249,2.012253375025466
1353,5,14,500,20,10,6,kmeans,29.168832666939124,4.8614721111565204,2.308914166991599
1353,6,14,500,20,10,6,kmeans,28.886942541925237,4.814490423654206,2.0666410829871893
1353,3,15,500,20,10,6,kmeans,29.890114292036742,4.981685715339457,1.9822426250902936
1353,4,15,500,20,10,6,kmeans,28.616299999994226,4.769383333332371,2.026164458016865
1353,5,15,500,20,10,6,kmeans,27.95929604198318,4.659882673663863,2.0567630840232596
1353,6,15,500,20,10,6,kmeans,28.589834209065884,4.764972368177648,2.055114374961704
1353,3,16,500,20,10,6,kmeans,31.756593208992854,5.292765534832142,2.0613960420014337
1353,4,16,500,20,10,6,kmeans,30.41047895909287,5.068413159848812,2.0475892079994082
1353,5,16,500,20,10,6,kmeans,28.587355167022906,4.764559194503818,1.9947894999058917
1353,6,16,500,20,10,6,kmeans,28.25769387499895,4.709615645833158,2.0166034169960767
1353,3,17,500,20,10,6,kmeans,33.194008209044114,5.532334701507352,2.399887082981877
1353,4,17,500,20,10,6,kmeans,30.921590041951276,5.153598340325213,1.9114574999548495
1353,5,17,500,20,10,6,kmeans,29.232388666947372,4.872064777824562,2.283052457962185
1353,6,17,500,20,10,6,kmeans,29.30237329204101,4.883728882006835,2.5640879590064287
1353,3,18,500,20,10,6,kmeans,32.582243166980334,5.430373861163389,2.426790124969557
1353,4,18,500,20,10,6,kmeans,31.57101212500129,5.261835354166881,2.6034133329521865
1353,5,18,500,20,10,6,kmeans,29.172344250022434,4.862057375003739,2.326914874953218
1353,6,18,500,20,10,6,kmeans,28.756051042000763,4.792675173666794,2.288207000005059
1353,3,19,500,20,10,6,kmeans,29.50519308296498,4.917532180494163,2.280459125060588
1353,4,19,500,20,10,6,kmeans,28.678754916996695,4.779792486166116,2.3812044580699876
1353,5,19,500,20,10,6,kmeans,27.974569167010486,4.662428194501747,2.177554542082362
1353,6,19,500,20,10,6,kmeans,29.574064832995646,4.929010805499274,2.361987291020341
2499,3,0,500,20,10,6,kmeans,43.22969345806632,7.204948909677721,3.3423325829207897
2499,4,0,500,20,10,6,kmeans,41.81508762494195,6.9691812708236585,3.3615778340026736
2499,5,0,500,20,10,6,kmeans,41.978494707960635,6.996415784660106,3.2432088749483228
2499,6,0,500,20,10,6,kmeans,42.422259915969335,7.0703766526615555,3.4729194999672472
2499,3,1,500,20,10,6,kmeans,43.71211983298417,7.285353305497362,3.6985795829677954
2499,4,1,500,20,10,6,kmeans,42.73020541598089,7.121700902663481,3.6343319999286905
2499,5,1,500,20,10,6,kmeans,42.032932749949396,7.005488791658233,3.7899328329367563
2499,6,1,500,20,10,6,kmeans,41.245500916964374,6.874250152827396,3.189889666973613
2499,3,2,500,20,10,6,kmeans,46.71520883298945,7.7858681388315745,3.1592577499104664
2499,4,2,500,20,10,6,kmeans,41.447824167087674,6.907970694514613,3.139801500015892
2499,5,2,500,20,10,6,kmeans,40.925542125012726,6.820923687502121,3.1099837919464335
2499,6,2,500,20,10,6,kmeans,41.263822958106175,6.877303826351029,3.276498958002776
2499,3,3,500,20,10,6,kmeans,42.00856762495823,7.001427937493038,3.5970643329201266
2499,4,3,500,20,10,6,kmeans,41.70700241695158,6.95116706949193,3.7046153750270605
2499,5,3,500,20,10,6,kmeans,41.90327574999537,6.983879291665896,3.73939587501809
2499,6,3,500,20,10,6,kmeans,41.80887924996205,6.968146541660341,3.7400302089517936
2499,3,4,500,20,10,6,kmeans,45.396391042042524,7.566065173673754,3.68449170794338
2499,4,4,500,20,10,6,kmeans,42.78626066702418,7.13104344450403,3.6553118750452995
2499,5,4,500,20,10,6,kmeans,40.92825095797889,6.821375159663148,3.654471084009856
2499,6,4,500,20,10,6,kmeans,42.58728708291892,7.097881180486486,3.2051218340639025
2499,3,5,500,20,10,6,kmeans,44.591701832949184,7.43195030549153,3.0695712500019
2499,4,5,500,20,10,6,kmeans,42.04833016707562,7.008055027845937,3.068420417024754
2499,5,5,500,20,10,6,kmeans,41.310533834039234,6.885088972339872,3.104206750052981
2499,6,5,500,20,10,6,kmeans,41.633977749967016,6.938996291661169,3.180187499965541
2499,3,6,500,20,10,6,kmeans,41.741309624980204,6.9568849374967,3.0822642910061404
2499,4,6,500,20,10,6,kmeans,40.69626183307264,6.782710305512107,3.0882189159747213
2499,5,6,500,20,10,6,kmeans,40.384586333995685,6.7307643889992805,3.0816818750463426
2499,6,6,500,20,10,6,kmeans,41.97112837503664,6.995188062506107,3.149313250090927
2499,3,7,500,20,10,6,kmeans,43.59125987498555,7.265209979164259,3.0763885830529034
2499,4,7,500,20,10,6,kmeans,42.25462499994319,7.042437499990531,3.212105708895251
2499,5,7,500,20,10,6,kmeans,41.088336750050075,6.848056125008346,3.1596398749388754
2499,6,7,500,20,10,6,kmeans,40.368433041032404,6.7280721735054,3.1777225410332903
2499,3,8,500,20,10,6,kmeans,43.615610042004846,7.269268340334141,3.1024064159719273
2499,4,8,500,20,10,6,kmeans,41.96601612493396,6.994336020822327,3.209741332917474
2499,5,8,500,20,10,6,kmeans,41.052051207982004,6.842008534663667,3.1314674169989303
2499,6,8,500,20,10,6,kmeans,41.589926333981566,6.931654388996928,3.1580775409238413
2499,3,9,500,20,10,6,kmeans,43.021326084039174,7.170221014006529,3.0077690420439467
2499,4,9,500,20,10,6,kmeans,42.227013166993856,7.03783552783231,3.0899004159728065
2499,5,9,500,20,10,6,kmeans,41.11490883294027,6.852484805490046,3.127256292034872
2499,6,9,500,20,10,6,kmeans,41.80757137492765,6.967928562487941,3.1159309579525143
2499,3,10,500,20,10,6,kmeans,41.013692916953005,6.835615486158834,3.0972250410122797
2499,4,10,500,20,10,6,kmeans,41.3836673340993,6.89727788901655,3.1080195830436423
2499,5,10,500,20,10,6,kmeans,41.60260154097341,6.933766923495568,3.115330999949947
2499,6,10,500,20,10,6,kmeans,41.64345037494786,6.94057506249131,3.125826083938591
2499,3,11,500,20,10,6,kmeans,44.543290209025145,7.4238817015041905,3.062607708037831
2499,4,11,500,20,10,6,kmeans,44.05280841595959,7.342134735993265,3.2581402090145275
2499,5,11,500,20,10,6,kmeans,42.77195974998176,7.128659958330293,3.1012252080254257
2499,6,11,500,20,10,6,kmeans,41.47788741707336,6.912981236178894,3.109793290961534
2499,3,12,500,20,10,6,kmeans,43.21229850000236,7.202049750000394,3.007798417005688
2499,4,12,500,20,10,6,kmeans,44.15398987499066,7.358998312498443,3.145617750007659
2499,5,12,500,20,10,6,kmeans,42.19294333399739,7.0321572223328985,3.1673492500558496
2499,6,12,500,20,10,6,kmeans,41.87649579101708,6.979415965169513,3.3235147499945015
2499,3,13,500,20,10,6,kmeans,43.31471308297478,7.219118847162463,3.071749708033167
2499,4,13,500,20,10,6,kmeans,41.32486275001429,6.887477125002381,3.0713337920606136
2499,5,13,500,20,10,6,kmeans,41.878151250071824,6.97969187501197,3.149924207944423
2499,6,13,500,20,10,6,kmeans,41.45469325000886,6.909115541668143,3.1179640410700813
2499,3,14,500,20,10,6,kmeans,45.30103345797397,7.550172242995662,3.083932957961224
2499,4,14,500,20,10,6,kmeans,43.1670622919919,7.19451038199865,3.188765374943614
2499,5,14,500,20,10,6,kmeans,42.21945412491914,7.036575687486523,3.190877249930054
2499,6,14,500,20,10,6,kmeans,40.95892345905304,6.826487243175507,3.1304632500978187
2499,3,15,500,20,10,6,kmeans,42.06608070805669,7.011013451342781,3.0477437919471413
2499,4,15,500,20,10,6,kmeans,41.890400415984914,6.981733402664152,3.2673443329986185
2499,5,15,500,20,10,6,kmeans,41.02847979194485,6.838079965324141,3.078959041973576
2499,6,15,500,20,10,6,kmeans,42.1328987920424,7.022149798673733,3.1548742919694632
2499,3,16,500,20,10,6,kmeans,45.608626000001095,7.6014376666668495,3.0900463750585914
2499,4,16,500,20,10,6,kmeans,42.87484179099556,7.145806965165927,3.064981541945599
2499,5,16,500,20,10,6,kmeans,41.43202454189304,6.905337423648841,3.1127948749344796
2499,6,16,500,20,10,6,kmeans,41.05506512511056,6.842510854185093,3.0978135409532115
2499,3,17,500,20,10,6,kmeans,44.71669112495147,7.4527818541585775,3.1159014590084553
2499,4,17,500,20,10,6,kmeans,43.653482916997746,7.275580486166291,3.087756250053644
2499,5,17,500,20,10,6,kmeans,41.6132094579516,6.9355349096586,3.0848220840562135
2499,6,17,500,20,10,6,kmeans,41.6402392500313,6.940039875005216,3.337302166968584
2499,3,18,500,20,10,6,kmeans,46.2719828330446,7.7119971388407675,4.096261041937396
2499,4,18,500,20,10,6,kmeans,45.165216125082225,7.527536020847037,3.735417874995619
2499,5,18,500,20,10,6,kmeans,41.509974083979614,6.918329013996602,3.153117249952629
2499,6,18,500,20,10,6,kmeans,41.374627957935445,6.895771326322574,3.1497700000181794
2499,3,19,500,20,10,6,kmeans,41.76050741702784,6.96008456950464,3.1073292089859024
2499,4,19,500,20,10,6,kmeans,40.34879691689275,6.724799486148792,3.1069696249905974
2499,5,19,500,20,10,6,kmeans,40.27956458297558,6.713260763829264,3.1055051248986274
2499,6,19,500,20,10,6,kmeans,41.67000391706824,6.9450006528447075,3.1277208330575377
