embed_dim,true_k,dataset_id,n,p,B,n_jobs,n_test_ks,model,t_carve_sec,t_carve_per_k_sec,t_external_sec
127,3,0,500,127,20,10,6,spectral,16.440857999958098,2.7401429999930165,1.5885215840535238
127,4,0,500,127,20,10,6,spectral,10.78605483402498,1.7976758056708302,1.4572370840469375
127,5,0,500,127,20,10,6,spectral,11.548344957991503,1.9247241596652505,1.6146312499186024
127,6,0,500,127,20,10,6,spectral,11.860021707951091,1.9766702846585151,1.6106990419793874
127,3,1,500,127,20,10,6,spectral,10.73346308292821,1.7889105138213683,1.5644209999591112
127,4,1,500,127,20,10,6,spectral,13.067247624974698,2.1778746041624495,1.831592833972536
127,5,1,500,127,20,10,6,spectral,11.49960108299274,1.91660018049879,1.6410402080509812
127,6,1,500,127,20,10,6,spectral,11.367779916967265,1.8946299861612108,1.704077958012931
127,3,2,500,127,20,10,6,spectral,10.277715250034817,1.7129525416724694,1.478308416903019
127,4,2,500,127,20,10,6,spectral,10.361501583945937,1.7269169306576562,1.470957792014815
127,5,2,500,127,20,10,6,spectral,10.527742250007577,1.7546237083345961,1.5192798749776557
127,6,2,500,127,20,10,6,spectral,10.888949165935628,1.8148248609892714,1.5693174579646438
127,3,3,500,127,20,10,6,spectral,10.037498124991544,1.6729163541652572,1.596684708027169
127,4,3,500,127,20,10,6,spectral,10.885258208960295,1.8142097014933825,1.7041547920089215
127,5,3,500,127,20,10,6,spectral,11.140622750041075,1.8567704583401792,1.5195158339338377
127,6,3,500,127,20,10,6,spectral,10.675139958038926,1.7791899930064876,1.492763084010221
127,3,4,500,127,20,10,6,spectral,9.87593291606754,1.6459888193445902,1.5033540420699865
127,4,4,500,127,20,10,6,spectral,10.17456866602879,1.6957614443381317,1.423829457955435
127,5,4,500,127,20,10,6,spectral,10.940050167031586,1.8233416945052643,1.6246676250593737
127,6,4,500,127,20,10,6,spectral,11.211843958008103,1.8686406596680172,1.8889920830260962
127,3,5,500,127,20,10,6,spectral,10.606474291998893,1.7677457153331488,1.7041310409549624
127,4,5,500,127,20,10,6,spectral,10.68565308302641,1.7809421805044015,1.6623111669905484
127,5,5,500,127,20,10,6,spectral,11.1063118330203,1.85105197217005,1.5453060410218313
127,6,5,500,127,20,10,6,spectral,11.110554834012873,1.8517591390021455,1.6299498749431223
127,3,6,500,127,20,10,6,spectral,10.303722709068097,1.7172871181780163,1.4709905419731513
127,4,6,500,127,20,10,6,spectral,10.463894249987788,1.7439823749979648,1.4837261250941083
127,5,6,500,127,20,10,6,spectral,11.015097333933227,1.8358495556555379,1.498209625016898
127,6,6,500,127,20,10,6,spectral,11.116656083031558,1.852776013838593,1.6323305839905515
127,3,7,500,127,20,10,6,spectral,10.590111540979706,1.7650185901632842,1.5480300830677152
127,4,7,500,127,20,10,6,spectral,10.40882666700054,1.7348044445000899,1.486157084000297
127,5,7,500,127,20,10,6,spectral,10.930654958006926,1.8217758263344876,1.581043792073615
127,6,7,500,127,20,10,6,spectral,10.95243370893877,1.8254056181564617,1.522715791943483
127,3,8,500,127,20,10,6,spectral,11.260171000030823,1.876695166671804,1.623331916052848
127,4,8,500,127,20,10,6,spectral,11.430469500017352,1.905078250002892,1.4981161250034347
127,5,8,500,127,20,10,6,spectral,10.940458666998893,1.8234097778331488,1.4647162079345435
127,6,8,500,127,20,10,6,spectral,11.964588041999377,1.9940980069998961,1.5427961660316214
127,3,9,500,127,20,10,6,spectral,10.09445629210677,1.682409382017795,1.3765570000978187
127,4,9,500,127,20,10,6,spectral,9.84657904098276,1.6410965068304602,1.3987893749726936
127,5,9,500,127,20,10,6,spectral,11.048204125021584,1.841367354170264,1.6269715829985216
127,6,9,500,127,20,10,6,spectral,12.219841916929,2.0366403194881664,1.618683125008829
127,3,10,500,127,20,10,6,spectral,10.400511916959658,1.7334186528266098,1.640982749988325
127,4,10,500,127,20,10,6,spectral,11.551923249964602,1.925320541660767,1.4592714590253308
127,5,10,500,127,20,10,6,spectral,10.952488792012446,1.825414798668741,1.3888162500225008
127,6,10,500,127,20,10,6,spectral,10.712465542019345,1.7854109236698907,1.4830708750523627
127,3,11,500,127,20,10,6,spectral,9.919153374969028,1.6531922291615047,1.427981249988079
127,4,11,500,127,20,10,6,spectral,10.111847374937497,1.6853078958229162,1.3799210420111194
127,5,11,500,127,20,10,6,spectral,10.505701708025299,1.750950284670883,1.4812129159690812
127,6,11,500,127,20,10,6,spectral,10.274722708039917,1.7124537846733194,1.459470291971229
127,3,12,500,127,20,10,6,spectral,9.878617667010985,1.6464362778351642,1.3994033329654485
127,4,12,500,127,20,10,6,spectral,9.881315791979432,1.6468859653299053,1.4970202089753002
127,5,12,500,127,20,10,6,spectral,10.216794583015144,1.7027990971691906,1.490354917012155
127,6,12,500,127,20,10,6,spectral,10.42044849996455,1.7367414166607584,1.5795018749777228
127,3,13,500,127,20,10,6,spectral,9.913341833977029,1.6522236389961715,1.4062047499464825
127,4,13,500,127,20,10,6,spectral,9.952453459030949,1.6587422431718248,1.357379209017381
127,5,13,500,127,20,10,6,spectral,10.265780083020218,1.7109633471700363,1.436416166019626
127,6,13,500,127,20,10,6,spectral,10.539274499984458,1.7565457499974098,1.4737854589475319
127,3,14,500,127,20,10,6,spectral,9.845354000106454,1.6408923333510756,1.4778639579890296
127,4,14,500,127,20,10,6,spectral,11.01238612504676,1.8353976875077933,1.5318767500575632
127,5,14,500,127,20,10,6,spectral,11.002502375049517,1.8337503958415862,1.5319497080054134
127,6,14,500,127,20,10,6,spectral,11.26305945799686,1.87717657633281,1.5878970420453697
127,3,15,500,127,20,10,6,spectral,10.276623500045389,1.7127705833408982,1.4120750830043107
127,4,15,500,127,20,10,6,spectral,10.526113917003386,1.7543523195005644,1.437235875055194
127,5,15,500,127,20,10,6,spectral,10.77351429197006,1.7955857153283432,1.4873500830726698
127,6,15,500,127,20,10,6,spectral,11.201491542044096,1.8669152570073493,1.5540077920304611
127,3,16,500,127,20,10,6,spectral,10.468039917061105,1.7446733195101842,1.485362624982372
127,4,16,500,127,20,10,6,spectral,10.599813958979212,1.7666356598298687,1.4917674170574173
127,5,16,500,127,20,10,6,spectral,11.044109957991168,1.840684992998528,1.4730977920116857
127,6,16,500,127,20,10,6,spectral,10.979912749957293,1.8299854583262156,1.552830541972071
127,3,17,500,127,20,10,6,spectral,10.469079041969962,1.7448465069949937,1.415820249938406
127,4,17,500,127,20,10,6,spectral,11.22164704091847,1.8702745068197448,1.4611959169851616
127,5,17,500,127,20,10,6,spectral,10.562594417016953,1.7604324028361589,1.4574642090592533
127,6,17,500,127,20,10,6,spectral,10.406422290951014,1.7344037151585023,1.7305210410850123
127,3,18,500,127,20,10,6,spectral,9.958271499956027,1.6597119166593377,1.5932457080343738
127,4,18,500,127,20,10,6,spectral,10.064496000064537,1.677416000010756,1.399072082946077
127,5,18,500,127,20,10,6,spectral,10.368452416034415,1.7280754026724026,1.5388547910843045
127,6,18,500,127,20,10,6,spectral,10.908359416993335,1.8180599028322224,1.5078542500268668
127,3,19,500,127,20,10,6,spectral,9.801074791932479,1.6335124653220798,1.3689400419825688
127,4,19,500,127,20,10,6,spectral,9.896237374981865,1.6493728958303109,1.432714041089639
127,5,19,500,127,20,10,6,spectral,10.396036916063167,1.7326728193438612,1.5916940410388634
127,6,19,500,127,20,10,6,spectral,11.58358524995856,1.93059754165976,1.6011670829029754
174,3,0,500,174,20,10,6,spectral,10.558497750083916,1.759749625013986,1.435991375008598
174,4,0,500,174,20,10,6,spectral,10.19782095903065,1.6996368265051085,1.4600579999387264
174,5,0,500,174,20,10,6,spectral,10.637941790977493,1.772990298496249,1.4820112499874085
174,6,0,500,174,20,10,6,spectral,10.834857666050084,1.8058096110083472,1.519257333013229
174,3,1,500,174,20,10,6,spectral,10.140787957934663,1.6901313263224438,1.4296025410294533
174,4,1,500,174,20,10,6,spectral,10.943249708972871,1.8238749514954786,1.3828649159986526
174,5,1,500,174,20,10,6,spectral,10.8121667499654,1.8020277916609,1.4680688329972327
174,6,1,500,174,20,10,6,spectral,10.89419708296191,1.815699513826985,1.549634666997008
174,3,2,500,174,20,10,6,spectral,10.085123540950008,1.680853923491668,1.537195665994659
174,4,2,500,174,20,10,6,spectral,10.025730874971487,1.6709551458285812,1.4289534169947729
174,5,2,500,174,20,10,6,spectral,10.535612583975308,1.7559354306625512,1.4371619999874383
174,6,2,500,174,20,10,6,spectral,10.74098437500652,1.7901640625010866,1.5738235419848934
174,3,3,500,174,20,10,6,spectral,10.080744583974592,1.6801240973290987,1.424495542072691
174,4,3,500,174,20,10,6,spectral,9.974882083013654,1.6624803471689422,1.4781531660119072
174,5,3,500,174,20,10,6,spectral,10.410231209010817,1.7350385348351363,1.5338519999058917
174,6,3,500,174,20,10,6,spectral,10.895884042023681,1.8159806736706134,1.6043984580319375
174,3,4,500,174,20,10,6,spectral,10.090226374915801,1.6817043958193,1.3486294579925016
174,4,4,500,174,20,10,6,spectral,10.344733624951914,1.724122270825319,1.4660718750674278
174,5,4,500,174,20,10,6,spectral,11.561291207908653,1.9268818679847755,1.6203196669230238
174,6,4,500,174,20,10,6,spectral,11.063594292034395,1.8439323820057325,1.5469363329466432
174,3,5,500,174,20,10,6,spectral,9.992994833970442,1.6654991389950737,1.5183578749420121
174,4,5,500,174,20,10,6,spectral,10.170477542094886,1.6950795903491478,1.447019916959107
174,5,5,500,174,20,10,6,spectral,10.35675212496426,1.72612535416071,1.4845156249357387
174,6,5,500,174,20,10,6,spectral,10.735837874934077,1.789306312489013,1.675252457964234
174,3,6,500,174,20,10,6,spectral,10.047577999997884,1.6745963333329807,1.4074420830002055
174,4,6,500,174,20,10,6,spectral,10.11147812497802,1.6852463541630034,1.339314042008482
174,5,6,500,174,20,10,6,spectral,10.658855332992971,1.776475888832162,1.5157815420534462
174,6,6,500,174,20,10,6,spectral,11.531963207991794,1.9219938679986324,1.7061104170279577
174,3,7,500,174,20,10,6,spectral,11.109268250060268,1.851544708343378,1.560451416997239
174,4,7,500,174,20,10,6,spectral,10.522597708040848,1.7537662846734747,1.474595500039868
174,5,7,500,174,20,10,6,spectral,10.656324916053563,1.776054152675594,1.5409882500534877
174,6,7,500,174,20,10,6,spectral,10.869477625004947,1.8115796041674912,1.4641792080365121
174,3,8,500,174,20,10,6,spectral,10.189773750025779,1.6982956250042964,1.4544552499428391
174,4,8,500,174,20,10,6,spectral,10.236819833051413,1.7061366388419021,1.421375000034459
174,5,8,500,174,20,10,6,spectral,10.942143375054002,1.8236905625090003,1.5526812910102308
174,6,8,500,174,20,10,6,spectral,11.060825834050775,1.8434709723417957,1.505091124912724
174,3,9,500,174,20,10,6,spectral,10.312884625047445,1.7188141041745741,1.474033165955916
174,4,9,500,174,20,10,6,spectral,10.415693374932744,1.7359488958221239,1.4051824579946697
174,5,9,500,174,20,10,6,spectral,11.856517834006809,1.9760863056678015,2.0353647499578074
174,6,9,500,174,20,10,6,spectral,10.981469582999125,1.8302449304998543,1.6259074590634555
174,3,10,500,174,20,10,6,spectral,10.10297091701068,1.6838284861684467,1.3689246659632772
174,4,10,500,174,20,10,6,spectral,10.33122341602575,1.721870569337625,1.4512249579420313
174,5,10,500,174,20,10,6,spectral,10.726489832974039,1.787748305495673,1.467415334074758
174,6,10,500,174,20,10,6,spectral,10.959743791026995,1.8266239651711658,1.5441036249976605
174,3,11,500,174,20,10,6,spectral,10.146856667008251,1.6911427778347086,1.3996033339062706
174,4,11,500,174,20,10,6,spectral,10.301368540967815,1.716894756827969,1.4210973749868572
174,5,11,500,174,20,10,6,spectral,10.705526707926765,1.7842544513211276,1.4816817499231547
174,6,11,500,174,20,10,6,spectral,10.943837917060591,1.8239729861767653,1.4955802919575945
174,3,12,500,174,20,10,6,spectral,10.135720040998422,1.689286673499737,1.458261499996297
174,4,12,500,174,20,10,6,spectral,10.31447695789393,1.7190794929823217,1.452661416027695
174,5,12,500,174,20,10,6,spectral,10.771572374971583,1.795262062495264,1.4344999579479918
174,6,12,500,174,20,10,6,spectral,10.732097666012123,1.7886829443353538,1.5721846249653026
174,3,13,500,174,20,10,6,spectral,10.291195666068234,1.715199277678039,1.4265862089814618
174,4,13,500,174,20,10,6,spectral,10.340534209040925,1.7234223681734875,1.6407458329340443
174,5,13,500,174,20,10,6,spectral,10.85698391601909,1.809497319336515,1.6022065830184147
174,6,13,500,174,20,10,6,spectral,11.06331295799464,1.8438854929991066,1.4829069999977946
174,3,14,500,174,20,10,6,spectral,10.255632666056044,1.7092721110093407,1.4001371660269797
174,4,14,500,174,20,10,6,spectral,10.142925041960552,1.6904875069934253,1.458097790949978
174,5,14,500,174,20,10,6,spectral,10.657609582995065,1.7762682638325107,1.6986812500981614
174,6,14,500,174,20,10,6,spectral,11.498550707940012,1.916425117990002,2.0897551249945536
174,3,15,500,174,20,10,6,spectral,11.465718957944773,1.9109531596574623,1.7937848749570549
174,4,15,500,174,20,10,6,spectral,10.758462249999866,1.7930770416666444,1.444025416043587
174,5,15,500,174,20,10,6,spectral,10.557645499939099,1.7596075833231832,1.5306088749784976
174,6,15,500,174,20,10,6,spectral,10.718664832995273,1.7864441388325456,1.6123365419916809
174,3,16,500,174,20,10,6,spectral,10.348911583074369,1.7248185971790615,1.5153840839629993
174,4,16,500,174,20,10,6,spectral,10.446008583065122,1.7410014305108537,1.5578776249894872
174,5,16,500,174,20,10,6,spectral,12.162745667039417,2.027124277839903,1.7200269170571119
174,6,16,500,174,20,10,6,spectral,13.438839584006928,2.239806597334488,1.801659790915437
174,3,17,500,174,20,10,6,spectral,11.710203583003022,1.9517005971671704,1.404370000003837
174,4,17,500,174,20,10,6,spectral,10.722030083066784,1.787005013844464,1.5826837919885293
174,5,17,500,174,20,10,6,spectral,10.778759208973497,1.7964598681622495,1.440042540896684
174,6,17,500,174,20,10,6,spectral,10.949646249995567,1.8249410416659277,1.5517137920251116
174,3,18,500,174,20,10,6,spectral,10.277520833071321,1.7129201388452202,1.3859964159782976
174,4,18,500,174,20,10,6,spectral,10.22968583391048,1.70494763898508,1.508475000038743
174,5,18,500,174,20,10,6,spectral,10.660140666062944,1.7766901110104907,1.5368181249359623
174,6,18,500,174,20,10,6,spectral,11.051059874938801,1.8418433124898002,1.5157512919977307
174,3,19,500,174,20,10,6,spectral,10.071600583032705,1.6786000971721176,1.325660542002879
174,4,19,500,174,20,10,6,spectral,10.260276042041369,1.7100460070068948,1.3884009999455884
174,5,19,500,174,20,10,6,spectral,10.54430679208599,1.7573844653476651,1.3773541250266135
174,6,19,500,174,20,10,6,spectral,11.753008499974385,1.9588347499957308,1.546070082928054
237,3,0,500,237,20,10,6,spectral,10.487689708010294,1.7479482846683823,1.450280582997948
237,4,0,500,237,20,10,6,spectral,10.523693833034486,1.7539489721724142,1.6110870409756899
237,5,0,500,237,20,10,6,spectral,11.06750074995216,1.84458345832536,1.5480223749764264
237,6,0,500,237,20,10,6,spectral,11.178495833068155,1.8630826388446924,1.6184603329747915
237,3,1,500,237,20,10,6,spectral,10.367879166034982,1.7279798610058303,1.5574609589530155
237,4,1,500,237,20,10,6,spectral,10.487904875073582,1.747984145845597,1.45012833410874
237,5,1,500,237,20,10,6,spectral,10.857828249922022,1.8096380416536704,1.5401362919947132
237,6,1,500,237,20,10,6,spectral,11.12587120803073,1.8543118680051218,1.612642916967161
237,3,2,500,237,20,10,6,spectral,10.483295999933034,1.747215999988839,1.4764470419613644
237,4,2,500,237,20,10,6,spectral,10.424852541997097,1.737475423666183,1.7125593750970438
237,5,2,500,237,20,10,6,spectral,12.064661875017919,2.0107769791696533,1.7925734999589622
237,6,2,500,237,20,10,6,spectral,11.821780415950343,1.9702967359917238,1.8109758750069886
237,3,3,500,237,20,10,6,spectral,12.156974792014807,2.0261624653358012,1.7435122500173748
237,4,3,500,237,20,10,6,spectral,10.897611082997173,1.8162685138328623,1.6867817080346867
237,5,3,500,237,20,10,6,spectral,10.963484416948631,1.8272474028247718,1.6263230829499662
237,6,3,500,237,20,10,6,spectral,11.434445374994539,1.9057408958324231,1.6288763750344515
237,3,4,500,237,20,10,6,spectral,10.436795499990694,1.7394659166651156,1.4523297919658944
237,4,4,500,237,20,10,6,spectral,10.610409375047311,1.7684015625078853,1.5151414159918204
237,5,4,500,237,20,10,6,spectral,10.968710249988362,1.8281183749980603,1.5741481248987839
237,6,4,500,237,20,10,6,spectral,11.299796624924056,1.8832994374873426,1.6127529590157792
237,3,5,500,237,20,10,6,spectral,10.349783167010173,1.7249638611683622,1.3889320000307634
237,4,5,500,237,20,10,6,spectral,10.481111958040856,1.7468519930068094,1.4152410411043093
237,5,5,500,237,20,10,6,spectral,10.971704124938697,1.8286173541564494,1.6217143340036273
237,6,5,500,237,20,10,6,spectral,10.874049417092465,1.8123415695154108,1.5068460420006886
237,3,6,500,237,20,10,6,spectral,10.497728707967326,1.7496214513278876,1.4547009589150548
237,4,6,500,237,20,10,6,spectral,10.528789124917239,1.7547981874862064,1.4305445419158787
237,5,6,500,237,20,10,6,spectral,11.654715958051383,1.9424526596752305,1.8135741249425337
237,6,6,500,237,20,10,6,spectral,11.842145415954292,1.9736909026590486,1.591264249989763
237,3,7,500,237,20,10,6,spectral,10.574156459071673,1.7623594098452788,1.4743944590445608
237,4,7,500,237,20,10,6,spectral,10.702042291988619,1.7836737153314364,1.4941454170038924
237,5,7,500,237,20,10,6,spectral,11.187550000031479,1.8645916666719131,1.5524548329412937
237,6,7,500,237,20,10,6,spectral,11.271652583964169,1.878608763994028,1.6329259580234066
237,3,8,500,237,20,10,6,spectral,10.42626737500541,1.7377112291675683,1.4930737919639796
237,4,8,500,237,20,10,6,spectral,10.526217584032565,1.754369597338761,1.5291140000335872
237,5,8,500,237,20,10,6,spectral,11.106092291069217,1.8510153818448696,1.6594529169378802
237,6,8,500,237,20,10,6,spectral,11.425067625008523,1.9041779375014205,1.6210491250967607
237,3,9,500,237,20,10,6,spectral,10.625681250006892,1.7709468750011486,1.5570842499146238
237,4,9,500,237,20,10,6,spectral,10.428828499978408,1.7381380833297346,1.589076125063002
237,5,9,500,237,20,10,6,spectral,11.134694874985144,1.8557824791641906,1.4795208750292659
237,6,9,500,237,20,10,6,spectral,11.106703334022313,1.8511172223370522,1.599705374916084
237,3,10,500,237,20,10,6,spectral,10.495382250053808,1.749230375008968,1.5191213749349117
237,4,10,500,237,20,10,6,spectral,10.82397133402992,1.80399522233832,1.4332928330404684
237,5,10,500,237,20,10,6,spectral,11.118615332990885,1.8531025554984808,1.6269587920978665
237,6,10,500,237,20,10,6,spectral,11.401464834110811,1.9002441390184686,2.2702234589960426
237,3,11,500,237,20,10,6,spectral,11.06595008308068,1.84432501384678,1.4627402080222964
237,4,11,500,237,20,10,6,spectral,10.683288833941333,1.7805481389902222,1.4793717080028728
237,5,11,500,237,20,10,6,spectral,11.195412125089206,1.865902020848201,1.5156317090149969
237,6,11,500,237,20,10,6,spectral,11.173697749967687,1.8622829583279479,1.555791832972318
237,3,12,500,237,20,10,6,spectral,10.33163987507578,1.7219399791792966,1.4256654999917373
237,4,12,500,237,20,10,6,spectral,10.740462874993682,1.7900771458322804,1.6271570830140263
237,5,12,500,237,20,10,6,spectral,11.315041875001043,1.885840312500174,1.6832209579879418
237,6,12,500,237,20,10,6,spectral,11.128355708089657,1.8547259513482761,1.6411385830724612
237,3,13,500,237,20,10,6,spectral,10.649470041971654,1.7749116736619424,1.4589037500554696
237,4,13,500,237,20,10,6,spectral,10.714356082957238,1.7857260138262063,1.378047583042644
237,5,13,500,237,20,10,6,spectral,11.030648084008135,1.8384413473346892,1.6115258330246434
237,6,13,500,237,20,10,6,spectral,11.296262167044915,1.8827103611741525,1.6030357079580426
237,3,14,500,237,20,10,6,spectral,10.547770000062883,1.7579616666771472,1.4693483330775052
237,4,14,500,237,20,10,6,spectral,10.468017083010636,1.744669513835106,1.5965404999442399
237,5,14,500,237,20,10,6,spectral,10.919046416995116,1.819841069499186,1.5678602500120178
237,6,14,500,237,20,10,6,spectral,11.613604833954014,1.9356008056590024,1.673734875046648
237,3,15,500,237,20,10,6,spectral,11.248002458014525,1.8746670763357542,1.5200052500003949
237,4,15,500,237,20,10,6,spectral,10.426486250013113,1.7377477083355188,1.5453054580138996
237,5,15,500,237,20,10,6,spectral,11.096344041987322,1.8493906736645538,1.414933625026606
237,6,15,500,237,20,10,6,spectral,11.901266625034623,1.9835444375057705,1.7205357499187812
237,3,16,500,237,20,10,6,spectral,10.540474749985151,1.7567457916641918,1.5126207079738379
237,4,16,500,237,20,10,6,spectral,10.679935125051998,1.7799891875086662,1.4504555420717224
237,5,16,500,237,20,10,6,spectral,11.315819666953757,1.8859699444922928,1.5817970420466736
237,6,16,500,237,20,10,6,spectral,11.249166083987802,1.8748610139979671,1.6008159999037161
237,3,17,500,237,20,10,6,spectral,10.529163042083383,1.7548605070138972,1.3430983748985454
237,4,17,500,237,20,10,6,spectral,10.702902917051688,1.783817152841948,1.4375788749894127
237,5,17,500,237,20,10,6,spectral,11.18961779109668,1.8649362985161133,1.5463768339250237
237,6,17,500,237,20,10,6,spectral,11.210399208939634,1.8683998681566056,1.658353458973579
237,3,18,500,237,20,10,6,spectral,11.4486398329027,1.9081066388171166,1.41793095797766
237,4,18,500,237,20,10,6,spectral,10.636228542076424,1.7727047570127372,1.439948417013511
237,5,18,500,237,20,10,6,spectral,10.960749999969266,1.8267916666615445,1.4364652909571305
237,6,18,500,237,20,10,6,spectral,11.364644124987535,1.8941073541645892,1.6385045829229057
237,3,19,500,237,20,10,6,spectral,10.523312750039622,1.753885458339937,1.3764700839528814
237,4,19,500,237,20,10,6,spectral,10.598203249974176,1.7663672083290294,1.4639701249543577
237,5,19,500,237,20,10,6,spectral,11.024348416016437,1.8373914026694063,1.4426654999842867
237,6,19,500,237,20,10,6,spectral,11.317551832995377,1.8862586388325628,1.608753458946012
322,3,0,500,322,20,10,6,spectral,11.50633362494409,1.9177222708240151,1.4815217499854043
322,4,0,500,322,20,10,6,spectral,11.626010333071463,1.9376683888452437,1.4959632500540465
322,5,0,500,322,20,10,6,spectral,11.90514537494164,1.9841908958236065,1.4492819170700386
322,6,0,500,322,20,10,6,spectral,12.33811962499749,2.056353270832915,1.653880166937597
322,3,1,500,322,20,10,6,spectral,11.610789417056367,1.9351315695093945,1.4177191249327734
322,4,1,500,322,20,10,6,spectral,11.659801666042767,1.9433002776737947,1.481217790977098
322,5,1,500,322,20,10,6,spectral,12.084106959053315,2.0140178265088857,1.5748087499523535
322,6,1,500,322,20,10,6,spectral,12.280833582975902,2.0468055971626504,1.6896964999614283
322,3,2,500,322,20,10,6,spectral,11.39527554193046,1.8992125903217432,1.4522696249186993
322,4,2,500,322,20,10,6,spectral,11.581925875041634,1.9303209791736056,1.5577194170327857
322,5,2,500,322,20,10,6,spectral,12.002022208995186,2.000337034832531,1.56807008292526
322,6,2,500,322,20,10,6,spectral,12.422213957994245,2.070368992999041,1.5597355000209063
322,3,3,500,322,20,10,6,spectral,11.47965587489307,1.913275979148845,1.5546921250643209
322,4,3,500,322,20,10,6,spectral,11.467110375058837,1.9111850625098061,1.5052742919651791
322,5,3,500,322,20,10,6,spectral,12.13000645802822,2.0216677430047034,1.5775847090408206
322,6,3,500,322,20,10,6,spectral,12.273562459042296,2.045593743173716,1.6152167919790372
322,3,4,500,322,20,10,6,spectral,11.859469958930276,1.9765783264883794,1.4965784159721807
322,4,4,500,322,20,10,6,spectral,11.630813249968924,1.9384688749948207,1.471612291992642
322,5,4,500,322,20,10,6,spectral,12.083069917047396,2.013844986174566,1.603481209021993
322,6,4,500,322,20,10,6,spectral,12.51556933298707,2.0859282221645117,1.6676152920117602
322,3,5,500,322,20,10,6,spectral,11.487975333002396,1.9146625555003993,1.4942909999517724
322,4,5,500,322,20,10,6,spectral,11.494392124935985,1.915732020822664,1.4904107080074027
322,5,5,500,322,20,10,6,spectral,11.883018958033063,1.9805031596721772,1.6375284170499071
322,6,5,500,322,20,10,6,spectral,12.226416749996133,2.0377361249993555,1.7142928750254214
322,3,6,500,322,20,10,6,spectral,11.452371874940582,1.9087286458234303,1.5316107079852372
322,4,6,500,322,20,10,6,spectral,11.576577416039072,1.9294295693398453,1.5169255411019549
322,5,6,500,322,20,10,6,spectral,12.287592916050926,2.047932152675154,1.784196500084363
322,6,6,500,322,20,10,6,spectral,13.34448450000491,2.224080750000818,1.7427914580330253
322,3,7,500,322,20,10,6,spectral,12.271472375025041,2.0452453958375068,1.5843829590594396
322,4,7,500,322,20,10,6,spectral,12.553004584042355,2.092167430673726,1.6178649999201298
322,5,7,500,322,20,10,6,spectral,12.953947624890134,2.1589912708150223,1.759019208024256
322,6,7,500,322,20,10,6,spectral,13.206021999940276,2.2010036666567125,1.6814967499813065
322,3,8,500,322,20,10,6,spectral,12.1651650830172,2.0275275138362,1.6515239160507917
322,4,8,500,322,20,10,6,spectral,13.344030332984403,2.2240050554974005,1.8898012499557808
322,5,8,500,322,20,10,6,spectral,12.980858125025406,2.1634763541709012,1.6045892080292106
322,6,8,500,322,20,10,6,spectral,13.22281937499065,2.2038032291651084,1.897432875004597
322,3,9,500,322,20,10,6,spectral,12.785969458054751,2.130994909675792,1.8270687079057097
322,4,9,500,322,20,10,6,spectral,11.762324874987826,1.9603874791646376,1.6103320000693202
322,5,9,500,322,20,10,6,spectral,12.14827058406081,2.024711764010135,1.487955000018701
322,6,9,500,322,20,10,6,spectral,12.144405334023759,2.0240675556706265,1.6375515830004588
322,3,10,500,322,20,10,6,spectral,11.353843750082888,1.8923072916804813,1.4880161669570953
322,4,10,500,322,20,10,6,spectral,11.518347500008531,1.9197245833347552,1.5364087079651654
322,5,10,500,322,20,10,6,spectral,12.380629625055008,2.0634382708425014,1.6290007079951465
322,6,10,500,322,20,10,6,spectral,12.55580345808994,2.092633909681657,2.1654102499596775
322,3,11,500,322,20,10,6,spectral,12.306340166949667,2.0510566944916113,1.5743278749287128
322,4,11,500,322,20,10,6,spectral,11.986423625028692,1.9977372708381154,1.5863091249484569
322,5,11,500,322,20,10,6,spectral,13.111842500045896,2.1853070833409824,1.6964380000717938
322,6,11,500,322,20,10,6,spectral,13.36875979101751,2.228126631836252,1.7377636659657583
322,3,12,500,322,20,10,6,spectral,12.542664624983445,2.0904441041639075,1.4520112089812756
322,4,12,500,322,20,10,6,spectral,12.100525540998206,2.016754256833034,1.560398916946724
322,5,12,500,322,20,10,6,spectral,12.579847874934785,2.096641312489131,1.735132792033255
322,6,12,500,322,20,10,6,spectral,12.619164083967917,2.1031940139946528,1.7166960410540923
322,3,13,500,322,20,10,6,spectral,12.40483341703657,2.0674722361727618,1.6382494170684367
322,4,13,500,322,20,10,6,spectral,12.690325333038345,2.1150542221730575,1.6540831249440089
322,5,13,500,322,20,10,6,spectral,13.116992082912475,2.186165347152079,1.7337853329954669
322,6,13,500,322,20,10,6,spectral,13.210777958971448,2.2017963264952414,1.68730233295355
322,3,14,500,322,20,10,6,spectral,11.664283208083361,1.944047201347227,1.5913553750142455
322,4,14,500,322,20,10,6,spectral,11.767897416953929,1.9613162361589882,1.5413737499620765
322,5,14,500,322,20,10,6,spectral,11.943794875056483,1.9906324791760805,1.613967083976604
322,6,14,500,322,20,10,6,spectral,12.482493291958235,2.080415548659706,1.723797749960795
322,3,15,500,322,20,10,6,spectral,11.75581787491683,1.959302979152805,1.5137321250513196
322,4,15,500,322,20,10,6,spectral,12.087856500060298,2.0146427500100494,1.598667124984786
322,5,15,500,322,20,10,6,spectral,12.69929125008639,2.1165485416810648,1.5903227080125362
322,6,15,500,322,20,10,6,spectral,12.696892375010066,2.1161487291683443,1.698272250010632
322,3,16,500,322,20,10,6,spectral,12.698977875057608,2.1164963125096015,1.5625954999122769
322,4,16,500,322,20,10,6,spectral,12.69141312490683,2.115235520817805,1.5513881660299376
322,5,16,500,322,20,10,6,spectral,12.10758274991531,2.0179304583192184,1.8903347090817988
322,6,16,500,322,20,10,6,spectral,12.581316499970853,2.0968860833284757,1.8663095419760793
322,3,17,500,322,20,10,6,spectral,11.850566791021265,1.975094465170211,1.6924168330151588
322,4,17,500,322,20,10,6,spectral,11.947614999953657,1.9912691666589428,1.6205145419808105
322,5,17,500,322,20,10,6,spectral,12.202228250098415,2.033704708349736,1.590225666994229
322,6,17,500,322,20,10,6,spectral,12.17009525001049,2.0283492083350816,1.5665274169296026
322,3,18,500,322,20,10,6,spectral,11.438239666982554,1.9063732778304256,1.4266232500085607
322,4,18,500,322,20,10,6,spectral,11.691555500030518,1.9485925833384197,1.4362576249986887
322,5,18,500,322,20,10,6,spectral,11.844509999966249,1.9740849999943748,1.5645675000268966
322,6,18,500,322,20,10,6,spectral,12.56547812500503,2.0942463541675047,1.7628482920117676
322,3,19,500,322,20,10,6,spectral,11.588788416935131,1.9314647361558552,1.456272792071104
322,4,19,500,322,20,10,6,spectral,11.503060957998969,1.9171768263331614,1.5057745409430936
322,5,19,500,322,20,10,6,spectral,11.860282916924916,1.976713819487486,1.563874291954562
322,6,19,500,322,20,10,6,spectral,12.079677417059429,2.013279569509905,1.686082624946721
438,3,0,500,438,20,10,6,spectral,12.009594124974683,2.0015990208291137,1.5871331669623032
438,4,0,500,438,20,10,6,spectral,12.054639791022055,2.009106631837009,1.6299405420431867
438,5,0,500,438,20,10,6,spectral,12.415445542079397,2.0692409236798994,1.5842256660107523
438,6,0,500,438,20,10,6,spectral,12.907505458104424,2.151250909684071,1.6371388749685138
438,3,1,500,438,20,10,6,spectral,11.977880374994129,1.996313395832355,1.5152074579382315
438,4,1,500,438,20,10,6,spectral,12.089057125034742,2.014842854172457,1.5486604580655694
438,5,1,500,438,20,10,6,spectral,12.564036834053695,2.094006139008949,1.6507344170240685
438,6,1,500,438,20,10,6,spectral,12.601735207950696,2.100289201325116,1.6283374589402229
438,3,2,500,438,20,10,6,spectral,11.835784125025384,1.9726306875042308,1.4744597499957308
438,4,2,500,438,20,10,6,spectral,11.820669375010766,1.9701115625017944,1.534326042048633
438,5,2,500,438,20,10,6,spectral,12.501988791045733,2.083664798507622,1.6818554589990526
438,6,2,500,438,20,10,6,spectral,12.886862042010762,2.147810340335127,1.729662958998233
438,3,3,500,438,20,10,6,spectral,12.213184708030894,2.0355307846718156,1.4979490829864517
438,4,3,500,438,20,10,6,spectral,12.151365750003606,2.025227625000601,1.5885366660077125
438,5,3,500,438,20,10,6,spectral,12.596548708039336,2.099424784673223,1.6171937910839915
438,6,3,500,438,20,10,6,spectral,13.138770750025287,2.1897951250042147,1.888825999922119
438,3,4,500,438,20,10,6,spectral,12.29280033300165,2.048800055500275,1.4487650420051068
438,4,4,500,438,20,10,6,spectral,12.25687779195141,2.042812965325235,1.56490883405786
438,5,4,500,438,20,10,6,spectral,12.825121833011508,2.137520305501918,1.6660385000286624
438,6,4,500,438,20,10,6,spectral,13.030799000058323,2.1717998333430537,1.638413209002465
438,3,5,500,438,20,10,6,spectral,11.859384541050531,1.9765640901750885,1.524696166976355
438,4,5,500,438,20,10,6,spectral,12.078697707969695,2.0131162846616157,1.5412449579453096
438,5,5,500,438,20,10,6,spectral,12.518949707970023,2.0864916179950037,1.619591666967608
438,6,5,500,438,20,10,6,spectral,13.817266625002958,2.302877770833826,1.9454158749431372
438,3,6,500,438,20,10,6,spectral,11.96654066699557,1.9944234444992617,1.6212626250926405
438,4,6,500,438,20,10,6,spectral,12.050535166985355,2.0084225278308927,1.6267270829994231
438,5,6,500,438,20,10,6,spectral,12.564133208012208,2.094022201335368,1.6614722919184715
438,6,6,500,438,20,10,6,spectral,13.73846899997443,2.2897448333290717,1.6755105840275064
438,3,7,500,438,20,10,6,spectral,11.919620541040786,1.9866034235067975,1.6013407920254394
438,4,7,500,438,20,10,6,spectral,12.235715333023109,2.0392858888371848,1.6500162919983268
438,5,7,500,438,20,10,6,spectral,12.487961999955587,2.081326999992598,1.6096262919018045
438,6,7,500,438,20,10,6,spectral,12.737796457950026,2.1229660763250044,1.767488667042926
438,3,8,500,438,20,10,6,spectral,11.93387954204809,1.9889799236746815,1.5630186670459807
438,4,8,500,438,20,10,6,spectral,11.90231562498957,1.983719270831595,1.6352260829880834
438,5,8,500,438,20,10,6,spectral,12.770610832958482,2.1284351388264136,1.6286720000207424
438,6,8,500,438,20,10,6,spectral,12.816428999998607,2.1360714999997676,1.7221293749753386
438,3,9,500,438,20,10,6,spectral,11.987207500031218,1.9978679166718696,1.5435287919826806
438,4,9,500,438,20,10,6,spectral,12.01730258401949,2.0028837640032484,1.5021443329751492
438,5,9,500,438,20,10,6,spectral,13.450204459019005,2.2417007431698344,1.7599437920143828
438,6,9,500,438,20,10,6,spectral,14.997236041002907,2.4995393401671513,1.8412377079948783
438,3,10,500,438,20,10,6,spectral,12.237130165915005,2.0395216943191676,1.5855280830292031
438,4,10,500,438,20,10,6,spectral,12.115525749977678,2.0192542916629463,1.5236323330318555
438,5,10,500,438,20,10,6,spectral,12.561789375031367,2.093631562505228,1.6813828750746325
438,6,10,500,438,20,10,6,spectral,12.741263124975376,2.1235438541625626,1.6842029589461163
438,3,11,500,438,20,10,6,spectral,11.936481790966354,1.9894136318277258,1.4519344589207321
438,4,11,500,438,20,10,6,spectral,12.418034167028964,2.069672361171494,1.566045208950527
438,5,11,500,438,20,10,6,spectral,12.721761875087395,2.1202936458478994,1.5933300839969888
438,6,11,500,438,20,10,6,spectral,12.736431624973193,2.122738604162199,1.6353709999239072
438,3,12,500,438,20,10,6,spectral,11.883609666954726,1.980601611159121,1.607290790998377
438,4,12,500,438,20,10,6,spectral,12.569520832970738,2.0949201388284564,1.6264684590278193
438,5,12,500,438,20,10,6,spectral,13.401879666023888,2.2336466110039814,1.811003917013295
438,6,12,500,438,20,10,6,spectral,14.386365875019692,2.3977276458366155,1.7501671670470387
438,3,13,500,438,20,10,6,spectral,12.786846750066616,2.1311411250111028,1.5492584999883547
438,4,13,500,438,20,10,6,spectral,12.155021083075553,2.0258368471792587,1.8661674580071121
438,5,13,500,438,20,10,6,spectral,14.026281791971996,2.337713631995333,1.6878144999500364
438,6,13,500,438,20,10,6,spectral,13.03706362505909,2.1728439375098483,1.7201623340370134
438,3,14,500,438,20,10,6,spectral,12.248645124956965,2.0414408541594944,1.5916437089908868
438,4,14,500,438,20,10,6,spectral,12.208506666007452,2.034751111001242,1.7604911669623107
438,5,14,500,438,20,10,6,spectral,12.870001041912474,2.145000173652079,1.6042442499892786
438,6,14,500,438,20,10,6,spectral,12.898407667060383,2.1497346111767306,1.683336874935776
438,3,15,500,438,20,10,6,spectral,11.952378792106174,1.9920631320176956,1.5421370830154046
438,4,15,500,438,20,10,6,spectral,12.047183292103,2.007863882017167,1.5179464160464704
438,5,15,500,438,20,10,6,spectral,12.560991000034846,2.0934985000058077,1.623128707986325
438,6,15,500,438,20,10,6,spectral,12.691110209096223,2.1151850348493704,1.727203082991764
438,3,16,500,438,20,10,6,spectral,12.141057958011515,2.0235096596685858,1.4865172089776024
438,4,16,500,438,20,10,6,spectral,12.182682999991812,2.030447166665302,1.5583867500536144
438,5,16,500,438,20,10,6,spectral,12.498426167061552,2.083071027843592,1.75560112495441
438,6,16,500,438,20,10,6,spectral,12.944458040990867,2.157409673498478,1.6987633749376982
438,3,17,500,438,20,10,6,spectral,12.085093250032514,2.0141822083387524,1.4515890839975327
438,4,17,500,438,20,10,6,spectral,12.121843457920477,2.020307242986746,1.6294843750074506
438,5,17,500,438,20,10,6,spectral,12.731484916061163,2.1219141526768603,1.6093348329886794
438,6,17,500,438,20,10,6,spectral,12.761895083007403,2.1269825138345673,1.68062058405485
438,3,18,500,438,20,10,6,spectral,12.031175832962617,2.005195972160436,1.5205086669884622
438,4,18,500,438,20,10,6,spectral,12.112198333023116,2.018699722170519,1.7096058750757948
438,5,18,500,438,20,10,6,spectral,12.473231417010538,2.0788719028350897,1.6080269169760868
438,6,18,500,438,20,10,6,spectral,12.837126832921058,2.1395211388201765,1.668372999993153
438,3,19,500,438,20,10,6,spectral,11.853345582960173,1.975557597160029,1.547697625006549
438,4,19,500,438,20,10,6,spectral,12.08987733302638,2.0149795555043966,1.4715317920781672
438,5,19,500,438,20,10,6,spectral,12.726098707993515,2.1210164513322525,1.6212808329146355
438,6,19,500,438,20,10,6,spectral,12.956751124933362,2.159458520822227,1.6509215830592439
597,3,0,500,597,20,10,6,spectral,12.564477458014153,2.0940795763356923,1.5731512499041855
597,4,0,500,597,20,10,6,spectral,12.751451166928746,2.125241861154791,1.6364189999876544
597,5,0,500,597,20,10,6,spectral,13.232587459031492,2.2054312431719154,1.7742239999352023
597,6,0,500,597,20,10,6,spectral,13.868985083070584,2.3114975138450973,1.8965915410080925
597,3,1,500,597,20,10,6,spectral,12.794649124960415,2.132441520826736,1.5659239169908687
597,4,1,500,597,20,10,6,spectral,12.76076724997256,2.1267945416620933,1.6069057919085026
597,5,1,500,597,20,10,6,spectral,13.254413333022967,2.209068888837161,1.6502545420080423
597,6,1,500,597,20,10,6,spectral,13.37269341701176,2.2287822361686267,1.6623090410139412
597,3,2,500,597,20,10,6,spectral,12.631346750073135,2.1052244583455226,1.7777223750017583
597,4,2,500,597,20,10,6,spectral,12.772128999931738,2.1286881666552895,1.7175932910759002
597,5,2,500,597,20,10,6,spectral,13.157097707968205,2.192849617994701,1.6828749999403954
597,6,2,500,597,20,10,6,spectral,13.562779749976471,2.260463291662745,1.8138777089770883
597,3,3,500,597,20,10,6,spectral,12.478180749923922,2.079696791653987,1.5750913330120966
597,4,3,500,597,20,10,6,spectral,12.825992292026058,2.137665382004343,1.6185656249290332
597,5,3,500,597,20,10,6,spectral,13.268678834079765,2.2114464723466276,1.8483081670710817
597,6,3,500,597,20,10,6,spectral,14.486873292014934,2.414478882002489,2.198324916069396
597,3,4,500,597,20,10,6,spectral,13.866388333030045,2.311064722171674,1.5659104159567505
597,4,4,500,597,20,10,6,spectral,12.917466041981243,2.1529110069968738,1.6698265419108793
597,5,4,500,597,20,10,6,spectral,13.391102875000797,2.2318504791667997,1.8271012919722125
597,6,4,500,597,20,10,6,spectral,13.869682249962352,2.3116137083270587,2.023757457965985
597,3,5,500,597,20,10,6,spectral,12.473702750052325,2.0789504583420544,1.6488387079443783
597,4,5,500,597,20,10,6,spectral,13.021477708010934,2.170246284668489,1.8470532080391422
597,5,5,500,597,20,10,6,spectral,13.096416832995601,2.1827361388326003,1.713450666051358
597,6,5,500,597,20,10,6,spectral,13.519017333979718,2.2531695556632862,1.7253960000816733
597,3,6,500,597,20,10,6,spectral,12.581861624959856,2.0969769374933094,1.5707143329782411
597,4,6,500,597,20,10,6,spectral,12.635390041046776,2.1058983401744626,1.7544072080636397
597,5,6,500,597,20,10,6,spectral,13.34298299998045,2.2238304999967418,1.707910874974914
597,6,6,500,597,20,10,6,spectral,13.510591041995212,2.2517651736658686,1.743779250071384
597,3,7,500,597,20,10,6,spectral,12.54894029092975,2.0914900484882915,1.6052713330136612
597,4,7,500,597,20,10,6,spectral,12.872175541007891,2.145362590167982,1.683331249980256
597,5,7,500,597,20,10,6,spectral,13.341931749950163,2.2236552916583605,1.713767083012499
597,6,7,500,597,20,10,6,spectral,13.60566754208412,2.26761125701402,1.7295568330446258
597,3,8,500,597,20,10,6,spectral,13.031237083021551,2.1718728471702584,1.705924917012453
597,4,8,500,597,20,10,6,spectral,12.72128529206384,2.120214215343973,1.7163207499543205
597,5,8,500,597,20,10,6,spectral,13.416169375064783,2.236028229177464,1.6643219590187073
597,6,8,500,597,20,10,6,spectral,13.671886416035704,2.2786477360059507,1.950285290949978
597,3,9,500,597,20,10,6,spectral,12.84561487508472,2.1409358125141202,1.900585166993551
597,4,9,500,597,20,10,6,spectral,14.024729124968871,2.3374548541614786,1.97730824991595
597,5,9,500,597,20,10,6,spectral,13.835520749911666,2.3059201249852777,2.0124265829799697
597,6,9,500,597,20,10,6,spectral,13.7895007499028,2.2982501249838,1.8534544580616057
597,3,10,500,597,20,10,6,spectral,12.906652708072215,2.1511087846787027,1.8053612500661984
597,4,10,500,597,20,10,6,spectral,12.89263400004711,2.148772333341185,1.597166166990064
597,5,10,500,597,20,10,6,spectral,13.217644957941957,2.2029408263236596,1.690268374979496
597,6,10,500,597,20,10,6,spectral,13.771689541987143,2.2952815903311907,1.8116294579813257
597,3,11,500,597,20,10,6,spectral,12.60641408408992,2.101069014014987,1.7108138330513611
597,4,11,500,597,20,10,6,spectral,12.86331699998118,2.14388616666353,1.581623459002003
597,5,11,500,597,20,10,6,spectral,13.375310166040435,2.229218361006739,1.8202346250182018
597,6,11,500,597,20,10,6,spectral,13.490314375027083,2.2483857291711806,1.7936414579162374
597,3,12,500,597,20,10,6,spectral,12.737416958087124,2.122902826347854,1.6504188749240711
597,4,12,500,597,20,10,6,spectral,12.895726416958496,2.1492877361597493,1.8158453749492764
597,5,12,500,597,20,10,6,spectral,14.10396420804318,2.35066070134053,1.7581810830160975
597,6,12,500,597,20,10,6,spectral,13.494144459022209,2.2490240765037015,1.789362958050333
597,3,13,500,597,20,10,6,spectral,12.828551250044256,2.138091875007376,1.6392179999966174
597,4,13,500,597,20,10,6,spectral,12.72603108396288,2.12100518066048,1.7614225000143051
597,5,13,500,597,20,10,6,spectral,13.34045966702979,2.223409944504965,1.6173080829903483
597,6,13,500,597,20,10,6,spectral,13.766263000085019,2.2943771666808366,1.7896915000164881
597,3,14,500,597,20,10,6,spectral,12.69561583304312,2.1159359721738533,1.6372639170149341
597,4,14,500,597,20,10,6,spectral,12.802651125006378,2.133775187501063,1.7467911670682952
597,5,14,500,597,20,10,6,spectral,13.484514084062539,2.2474190140104233,1.7770120829809457
597,6,14,500,597,20,10,6,spectral,14.423205125029199,2.4038675208381997,1.795950667001307
597,3,15,500,597,20,10,6,spectral,12.559035124955699,2.09317252082595,1.6479476250242442
597,4,15,500,597,20,10,6,spectral,12.737093708012253,2.1228489513353757,1.646894208039157
597,5,15,500,597,20,10,6,spectral,13.254180166055448,2.209030027675908,1.7372552920132875
597,6,15,500,597,20,10,6,spectral,13.442509707994759,2.240418284665793,1.728796000010334
597,3,16,500,597,20,10,6,spectral,12.553849666961469,2.0923082778269113,1.7251935420790687
597,4,16,500,597,20,10,6,spectral,13.426415125024505,2.237735854170751,1.7951631660107523
597,5,16,500,597,20,10,6,spectral,14.851062375004403,2.475177062500734,1.8897920419694856
597,6,16,500,597,20,10,6,spectral,15.398927583009936,2.566487930501656,2.0303885830799118
597,3,17,500,597,20,10,6,spectral,14.407855958095752,2.401309326349292,1.8512618750100955
597,4,17,500,597,20,10,6,spectral,15.141199915902689,2.523533319317115,1.8598113340558484
597,5,17,500,597,20,10,6,spectral,14.42436395806726,2.4040606596778766,1.9133036669809371
597,6,17,500,597,20,10,6,spectral,14.364893708960153,2.3941489514933587,1.9810834160307422
597,3,18,500,597,20,10,6,spectral,13.333357999916188,2.2222263333193646,1.762931999983266
597,4,18,500,597,20,10,6,spectral,13.639709291048348,2.2732848818413913,1.6879009999101982
597,5,18,500,597,20,10,6,spectral,13.948648666031659,2.324774777671943,1.7923320840345696
597,6,18,500,597,20,10,6,spectral,14.422873415984213,2.403812235997369,1.8207989590009674
597,3,19,500,597,20,10,6,spectral,13.835573666030541,2.3059289443384237,1.7697837919695303
597,4,19,500,597,20,10,6,spectral,16.776173958089203,2.796028993014867,3.0694905830314383
597,5,19,500,597,20,10,6,spectral,15.932708667009138,2.655451444501523,2.1757200000574812
597,6,19,500,597,20,10,6,spectral,14.518002041964792,2.419667006994132,1.8808642919175327
812,3,0,500,812,20,10,6,spectral,13.761049665976316,2.293508277662719,1.8343155001057312
812,4,0,500,812,20,10,6,spectral,14.073808541987091,2.3456347569978484,1.7766423750435933
812,5,0,500,812,20,10,6,spectral,14.521528625045903,2.420254770840984,1.88432983297389
812,6,0,500,812,20,10,6,spectral,15.123199832974933,2.5205333054958223,2.008502332959324
812,3,1,500,812,20,10,6,spectral,13.978822250035591,2.329803708339265,1.7663609579904005
812,4,1,500,812,20,10,6,spectral,14.06524179095868,2.34420696515978,1.9429973339429125
812,5,1,500,812,20,10,6,spectral,14.787387041957118,2.464564506992853,1.9767120420001447
812,6,1,500,812,20,10,6,spectral,15.06621645798441,2.511036076330735,1.9313240420306101
812,3,2,500,812,20,10,6,spectral,13.819371749996208,2.303228624999368,1.8622711669886485
812,4,2,500,812,20,10,6,spectral,14.035496499971487,2.3392494166619144,1.8851122499909252
812,5,2,500,812,20,10,6,spectral,14.733558833017014,2.455593138836169,1.8545796659309417
812,6,2,500,812,20,10,6,spectral,15.040700332960114,2.5067833888266855,1.9894470419967547
812,3,3,500,812,20,10,6,spectral,13.916059792041779,2.3193432986736298,1.8852393330307677
812,4,3,500,812,20,10,6,spectral,14.199771416024305,2.3666285693373843,1.8475641250843182
812,5,3,500,812,20,10,6,spectral,14.66695562505629,2.444492604176048,2.0076692089205608
812,6,3,500,812,20,10,6,spectral,15.118490790948272,2.5197484651580453,1.9749539999756962
812,3,4,500,812,20,10,6,spectral,14.160905209020711,2.3601508681701184,1.8415052089840174
812,4,4,500,812,20,10,6,spectral,14.63863095792476,2.4397718263207935,2.0233747080201283
812,5,4,500,812,20,10,6,spectral,16.348414334002882,2.7247357223338136,2.661240707966499
812,6,4,500,812,20,10,6,spectral,15.687023959006183,2.614503993167697,2.4486819999292493
812,3,5,500,812,20,10,6,spectral,14.053006000001915,2.342167666666986,2.089655958930962
812,4,5,500,812,20,10,6,spectral,14.68771587498486,2.44795264583081,2.157399500021711
812,5,5,500,812,20,10,6,spectral,14.949825207935646,2.491637534655941,2.3327097920700908
812,6,5,500,812,20,10,6,spectral,15.292832457926124,2.548805409654354,2.2952442499808967
812,3,6,500,812,20,10,6,spectral,14.178853749996051,2.3631422916660085,2.234758042031899
812,4,6,500,812,20,10,6,spectral,14.44168449996505,2.4069474166608416,2.181191249983385
812,5,6,500,812,20,10,6,spectral,15.072276833001524,2.5120461388335875,2.2739997919416055
812,6,6,500,812,20,10,6,spectral,15.372466583037749,2.562077763839625,2.204980165930465
812,3,7,500,812,20,10,6,spectral,14.26587495894637,2.3776458264910616,2.3231133749941364
812,4,7,500,812,20,10,6,spectral,14.501823542057537,2.4169705903429226,2.3583830839488655
812,5,7,500,812,20,10,6,spectral,14.978252958040684,2.4963754930067807,2.399696209002286
812,6,7,500,812,20,10,6,spectral,15.382214750046842,2.5637024583411403,2.470519832917489
812,3,8,500,812,20,10,6,spectral,14.122375209000893,2.353729201500149,2.2266726249363273
812,4,8,500,812,20,10,6,spectral,14.558440124965273,2.4264066874942123,2.2529289999511093
812,5,8,500,812,20,10,6,spectral,15.24498025001958,2.54083004166993,2.3039197920588776
812,6,8,500,812,20,10,6,spectral,15.392369749955833,2.5653949583259723,2.414798583020456
812,3,9,500,812,20,10,6,spectral,14.22365554200951,2.370609257001585,2.302085250033997
812,4,9,500,812,20,10,6,spectral,14.34168591699563,2.3902809861659384,2.1794790000421926
812,5,9,500,812,20,10,6,spectral,15.274449791992083,2.5457416319986805,2.113913999986835
812,6,9,500,812,20,10,6,spectral,15.495287582976744,2.582547930496124,2.271512083010748
812,3,10,500,812,20,10,6,spectral,14.216743082972243,2.369457180495374,2.2568915000883862
812,4,10,500,812,20,10,6,spectral,14.407339458935894,2.4012232431559823,2.262192958034575
812,5,10,500,812,20,10,6,spectral,14.783870375016704,2.463978395836117,2.236370667000301
812,6,10,500,812,20,10,6,spectral,15.33424458396621,2.5557074306610352,2.3572119580348954
812,3,11,500,812,20,10,6,spectral,14.32642258296255,2.387737097160425,2.1923519161064178
812,4,11,500,812,20,10,6,spectral,14.603422540938482,2.43390375682308,2.277439416036941
812,5,11,500,812,20,10,6,spectral,15.117124708020128,2.5195207846700214,2.2627305829664692
812,6,11,500,812,20,10,6,spectral,15.408820541924797,2.568136756987466,2.2543761659180745
812,3,12,500,812,20,10,6,spectral,14.252418417017907,2.3754030695029846,2.25364350003656
812,4,12,500,812,20,10,6,spectral,14.722873457940295,2.453812242990049,2.2253446669783443
812,5,12,500,812,20,10,6,spectral,15.039264749968424,2.5065441249947376,2.1586164160398766
812,6,12,500,812,20,10,6,spectral,15.319196457974613,2.5531994096624353,2.3096703339833766
812,3,13,500,812,20,10,6,spectral,14.547461667098105,2.424576944516351,2.1139279160415754
812,4,13,500,812,20,10,6,spectral,14.652355291997083,2.442059215332847,2.319866625010036
812,5,13,500,812,20,10,6,spectral,15.366386624984443,2.561064437497407,2.3832102910382673
812,6,13,500,812,20,10,6,spectral,15.605842291959561,2.6009737153265937,2.363690125057474
812,3,14,500,812,20,10,6,spectral,14.425323709030636,2.4042206181717725,2.2211682500783354
812,4,14,500,812,20,10,6,spectral,14.432751209009439,2.4054585348349065,2.2032142078969628
812,5,14,500,812,20,10,6,spectral,15.273033582954668,2.5455055971591114,2.1451556659303606
812,6,14,500,812,20,10,6,spectral,15.597531124949455,2.599588520824909,2.4421213330933824
812,3,15,500,812,20,10,6,spectral,14.27027941599954,2.3783799026665897,2.208483249996789
812,4,15,500,812,20,10,6,spectral,14.499708499992266,2.4166180833320445,2.1306272079236805
812,5,15,500,812,20,10,6,spectral,14.964976665913127,2.4941627776521877,2.232488540932536
812,6,15,500,812,20,10,6,spectral,15.350832624942996,2.558472104157166,2.075525459018536
812,3,16,500,812,20,10,6,spectral,14.056075916043483,2.3426793193405806,2.0618576670531183
812,4,16,500,812,20,10,6,spectral,14.447590333060361,2.407931722176727,2.004213082953356
812,5,16,500,812,20,10,6,spectral,14.876032250002027,2.479338708333671,2.037820791010745
812,6,16,500,812,20,10,6,spectral,15.009231166914105,2.5015385278190174,2.1977904160739854
812,3,17,500,812,20,10,6,spectral,14.263546083937399,2.3772576806562333,1.9980352910934016
812,4,17,500,812,20,10,6,spectral,14.377564708935097,2.396260784822516,1.988838833058253
812,5,17,500,812,20,10,6,spectral,15.302953041973524,2.550492173662254,2.1051102919736877
812,6,17,500,812,20,10,6,spectral,15.270835125003941,2.545139187500657,2.2141102500027046
812,3,18,500,812,20,10,6,spectral,14.17363566707354,2.3622726111789234,2.0118323750793934
812,4,18,500,812,20,10,6,spectral,14.356191249913536,2.392698541652256,2.0080049160169438
812,5,18,500,812,20,10,6,spectral,14.889167667017318,2.4815279445028864,2.1124112920369953
812,6,18,500,812,20,10,6,spectral,15.335501957917586,2.555916992986264,2.1543577910633758
812,3,19,500,812,20,10,6,spectral,14.068453667103313,2.344742277850552,1.994294959004037
812,4,19,500,812,20,10,6,spectral,14.2841640409315,2.380694006821917,1.8899977080291137
812,5,19,500,812,20,10,6,spectral,15.091072333045304,2.5151787221742175,2.114774415967986
812,6,19,500,812,20,10,6,spectral,15.066833375021815,2.5111388958369694,2.1403221669606864
1105,3,0,500,1105,20,10,6,spectral,15.261498540989123,2.5435830901648537,2.0012734160991386
1105,4,0,500,1105,20,10,6,spectral,15.189452416962013,2.531575402827002,2.3495512910885736
1105,5,0,500,1105,20,10,6,spectral,15.757334708003327,2.626222451333888,2.1184890419244766
1105,6,0,500,1105,20,10,6,spectral,16.36599562491756,2.7276659374862597,2.3013908750144765
1105,3,1,500,1105,20,10,6,spectral,15.230791041976772,2.5384651736627952,2.0975602089893073
1105,4,1,500,1105,20,10,6,spectral,15.142844708054326,2.5238074513423876,2.176411124994047
1105,5,1,500,1105,20,10,6,spectral,16.003041416057386,2.6671735693428977,2.2525983329396695
1105,6,1,500,1105,20,10,6,spectral,16.2824618750019,2.71374364583365,2.3342331669991836
1105,3,2,500,1105,20,10,6,spectral,14.888522542081773,2.4814204236802957,2.2060242079896852
1105,4,2,500,1105,20,10,6,spectral,15.109143916983157,2.5181906528305262,2.0246209159959108
1105,5,2,500,1105,20,10,6,spectral,15.811651666997932,2.6352752778329886,1.966618457925506
1105,6,2,500,1105,20,10,6,spectral,16.114369667018764,2.6857282778364606,2.0677917080465704
1105,3,3,500,1105,20,10,6,spectral,15.086784125072882,2.5144640208454803,1.8833188749849796
1105,4,3,500,1105,20,10,6,spectral,15.153392874985002,2.525565479164167,1.949128375039436
1105,5,3,500,1105,20,10,6,spectral,15.850895458948798,2.6418159098247997,2.215563916019164
1105,6,3,500,1105,20,10,6,spectral,16.251079833018593,2.7085133055030988,2.1005976248998195
1105,3,4,500,1105,20,10,6,spectral,15.10392016696278,2.51732002782713,2.008315999992192
1105,4,4,500,1105,20,10,6,spectral,15.237800874980167,2.5396334791633612,1.9874287089332938
1105,5,4,500,1105,20,10,6,spectral,16.035590167040937,2.6725983611734896,2.0643285419791937
1105,6,4,500,1105,20,10,6,spectral,16.502403541933745,2.750400590322291,2.2114278750959784
1105,3,5,500,1105,20,10,6,spectral,14.61505429202225,2.4358423820037083,1.8302157090511173
1105,4,5,500,1105,20,10,6,spectral,14.98400475003291,2.497334125005485,1.9307450000196695
1105,5,5,500,1105,20,10,6,spectral,15.631551916943863,2.605258652823977,1.986735082929954
1105,6,5,500,1105,20,10,6,spectral,16.169451041030698,2.6949085068384497,2.2278304169885814
1105,3,6,500,1105,20,10,6,spectral,14.75078687502537,2.4584644791708947,1.9600914999609813
1105,4,6,500,1105,20,10,6,spectral,15.163601916981861,2.5272669861636436,1.9763070410117507
1105,5,6,500,1105,20,10,6,spectral,15.780457749962807,2.6300762916604676,1.9855762079823762
1105,6,6,500,1105,20,10,6,spectral,16.233419750002213,2.7055699583337023,2.18978229095228
1105,3,7,500,1105,20,10,6,spectral,15.186260082991794,2.531043347165299,1.9957445840118453
1105,4,7,500,1105,20,10,6,spectral,15.437165833078325,2.5728609721797207,2.0062132079619914
1105,5,7,500,1105,20,10,6,spectral,16.019835000042804,2.669972500007134,2.1742431659949943
1105,6,7,500,1105,20,10,6,spectral,16.392964542028494,2.732160757004749,2.1392077920027077
1105,3,8,500,1105,20,10,6,spectral,14.953553541912697,2.492258923652116,2.029568833997473
1105,4,8,500,1105,20,10,6,spectral,15.371264499961399,2.561877416660233,1.9562627079430968
1105,5,8,500,1105,20,10,6,spectral,16.273353416938335,2.7122255694897226,2.123849582974799
1105,6,8,500,1105,20,10,6,spectral,16.437888624961488,2.739648104160248,2.1703492499655113
1105,3,9,500,1105,20,10,6,spectral,15.058839833014645,2.5098066388357743,1.9898782919626683
1105,4,9,500,1105,20,10,6,spectral,15.094516666023992,2.515752777670665,1.9483670420013368
1105,5,9,500,1105,20,10,6,spectral,16.267556374892592,2.711259395815432,2.2071005000034347
1105,6,9,500,1105,20,10,6,spectral,16.410441290936433,2.7350735484894053,2.017928290995769
1105,3,10,500,1105,20,10,6,spectral,15.047989250044338,2.507998208340723,1.995074125006795
1105,4,10,500,1105,20,10,6,spectral,15.232861500000581,2.538810250000097,1.9527696250006557
1105,5,10,500,1105,20,10,6,spectral,15.880110583035275,2.6466850971725457,2.0402312909718603
1105,6,10,500,1105,20,10,6,spectral,16.38313641701825,2.7305227361697084,2.045983540941961
1105,3,11,500,1105,20,10,6,spectral,15.052641291054897,2.5087735485091494,1.970021624932997
1105,4,11,500,1105,20,10,6,spectral,15.239692791947164,2.5399487986578606,1.9925642079906538
1105,5,11,500,1105,20,10,6,spectral,16.028830750030465,2.671471791671744,2.068799000000581
1105,6,11,500,1105,20,10,6,spectral,16.404505083104596,2.7340841805174327,2.0884088330203667
1105,3,12,500,1105,20,10,6,spectral,14.980946916970424,2.4968244861617372,2.0114214579807594
1105,4,12,500,1105,20,10,6,spectral,15.313588375109248,2.552264729184875,1.9599925000220537
1105,5,12,500,1105,20,10,6,spectral,15.963592540938407,2.660598756823068,2.07155562506523
1105,6,12,500,1105,20,10,6,spectral,16.230218083015643,2.705036347169274,2.12451658397913
1105,3,13,500,1105,20,10,6,spectral,15.25689329195302,2.5428155486588366,2.0575956660322845
1105,4,13,500,1105,20,10,6,spectral,15.23787337495014,2.5396455624916903,2.024026917060837
1105,5,13,500,1105,20,10,6,spectral,16.168673874926753,2.6947789791544587,2.0152251661056653
1105,6,13,500,1105,20,10,6,spectral,16.571787541965023,2.7619645903275036,2.217362124938518
1105,3,14,500,1105,20,10,6,spectral,15.2351045840187,2.53918409733645,2.1375498329289258
1105,4,14,500,1105,20,10,6,spectral,15.329071957967244,2.554845326327874,2.1110104999970645
1105,5,14,500,1105,20,10,6,spectral,15.976378667051904,2.662729777841984,2.178068167064339
1105,6,14,500,1105,20,10,6,spectral,16.641645833035,2.7736076388391666,2.142092749942094
1105,3,15,500,1105,20,10,6,spectral,15.125027332920581,2.520837888820097,1.9742074579698965
1105,4,15,500,1105,20,10,6,spectral,15.097312332945876,2.516218722157646,1.9388622500700876
1105,5,15,500,1105,20,10,6,spectral,16.05111758306157,2.6751862638435946,2.081169500015676
1105,6,15,500,1105,20,10,6,spectral,16.286697749979794,2.7144496249966323,2.325614875066094
1105,3,16,500,1105,20,10,6,spectral,15.176983083016239,2.5294971805027067,2.207945583970286
1105,4,16,500,1105,20,10,6,spectral,15.377707042032853,2.562951173672142,1.9771569169824943
1105,5,16,500,1105,20,10,6,spectral,16.021997084026225,2.670332847337704,2.0874944580718875
1105,6,16,500,1105,20,10,6,spectral,16.289577959105372,2.7149296598508954,2.127438750001602
1105,3,17,500,1105,20,10,6,spectral,15.046930499956943,2.5078217499928237,1.9711025829892606
1105,4,17,500,1105,20,10,6,spectral,15.04625395894982,2.507708993158303,1.9993128329515457
1105,5,17,500,1105,20,10,6,spectral,16.24449816707056,2.7074163611784265,2.110565749928355
1105,6,17,500,1105,20,10,6,spectral,16.327890875050798,2.7213151458417997,2.0776888330001384
1105,3,18,500,1105,20,10,6,spectral,15.09897887497209,2.516496479162015,2.0247563750017434
1105,4,18,500,1105,20,10,6,spectral,15.229637624928728,2.5382729374881214,2.1267237920546904
1105,5,18,500,1105,20,10,6,spectral,15.919545999960974,2.653257666660162,2.0057428749278188
1105,6,18,500,1105,20,10,6,spectral,16.360255416017026,2.7267092360028378,2.076613250072114
1105,3,19,500,1105,20,10,6,spectral,14.797823791974224,2.4663039653290375,1.8433105829171836
1105,4,19,500,1105,20,10,6,spectral,15.38060720905196,2.5634345348419934,2.1197302079526708
1105,5,19,500,1105,20,10,6,spectral,15.768906082957983,2.6281510138263307,2.088077040971257
1105,6,19,500,1105,20,10,6,spectral,16.224063000059687,2.704010500009948,2.1933546249056235
1505,3,0,500,1505,20,10,6,spectral,15.965180208091624,2.6608633680152707,2.1089699589647353
1505,4,0,500,1505,20,10,6,spectral,16.07629383308813,2.679382305514688,2.1146359579870477
1505,5,0,500,1505,20,10,6,spectral,16.65532404195983,2.7758873403266384,2.1524187080794945
1505,6,0,500,1505,20,10,6,spectral,17.529789541033097,2.9216315901721828,2.148896957980469
1505,3,1,500,1505,20,10,6,spectral,16.077151166042313,2.6795251943403855,1.9921014169231057
1505,4,1,500,1505,20,10,6,spectral,16.110606624977663,2.685101104162944,2.087791790952906
1505,5,1,500,1505,20,10,6,spectral,17.060133249964565,2.843355541660761,2.225023917038925
1505,6,1,500,1505,20,10,6,spectral,17.413928624941036,2.9023214374901727,2.2889320000540465
1505,3,2,500,1505,20,10,6,spectral,15.78753625007812,2.6312560416796864,2.0877604589331895
1505,4,2,500,1505,20,10,6,spectral,15.974716458003968,2.6624527430006615,2.2989308329997584
1505,5,2,500,1505,20,10,6,spectral,17.01551020797342,2.83591836799557,2.1489056249847636
1505,6,2,500,1505,20,10,6,spectral,17.396671958034858,2.899445326339143,2.2126972500700504
1505,3,3,500,1505,20,10,6,spectral,15.744897667085752,2.624149611180959,2.219001583987847
1505,4,3,500,1505,20,10,6,spectral,16.28398979199119,2.713998298665198,2.229457832989283
1505,5,3,500,1505,20,10,6,spectral,16.899149292032234,2.8165248820053725,2.2901054159738123
1505,6,3,500,1505,20,10,6,spectral,17.515971624990925,2.919328604165154,2.1643537080381066
1505,3,4,500,1505,20,10,6,spectral,16.225340958917513,2.7042234931529188,2.075853916001506
1505,4,4,500,1505,20,10,6,spectral,16.42533454101067,2.737555756835112,2.2038728329353034
1505,5,4,500,1505,20,10,6,spectral,16.986135500017554,2.831022583336259,2.236923916032538
1505,6,4,500,1505,20,10,6,spectral,17.944654874969274,2.990775812494879,2.3081569590140134
1505,3,5,500,1505,20,10,6,spectral,15.761599750025198,2.6269332916708663,2.0612576249986887
1505,4,5,500,1505,20,10,6,spectral,16.11411941598635,2.6856865693310588,2.129448166000657
1505,5,5,500,1505,20,10,6,spectral,16.7980587920174,2.7996764653362334,2.2330402500228956
1505,6,5,500,1505,20,10,6,spectral,17.818182124989107,2.969697020831518,2.2639179580146447
1505,3,6,500,1505,20,10,6,spectral,15.944656374980696,2.6574427291634493,2.1173177079763263
1505,4,6,500,1505,20,10,6,spectral,16.170671125059016,2.6951118541765027,2.1338632910046726
1505,5,6,500,1505,20,10,6,spectral,17.120377208921127,2.8533962014868544,2.3345576660940424
1505,6,6,500,1505,20,10,6,spectral,17.315420874976553,2.8859034791627587,2.32106958294753
1505,3,7,500,1505,20,10,6,spectral,16.101782792015,2.6836304653358334,2.1500108340987936
1505,4,7,500,1505,20,10,6,spectral,16.256305999937467,2.709384333322911,2.1269633329939097
1505,5,7,500,1505,20,10,6,spectral,17.070982957957312,2.845163826326219,2.2784042499260977
1505,6,7,500,1505,20,10,6,spectral,17.560174916987307,2.9266958194978847,2.3867892919806764
1505,3,8,500,1505,20,10,6,spectral,15.865278083016165,2.6442130138360276,2.156034874962643
1505,4,8,500,1505,20,10,6,spectral,16.11453262506984,2.68575543751164,2.1711465840926394
1505,5,8,500,1505,20,10,6,spectral,17.316293332958594,2.886048888826432,2.284305749926716
1505,6,8,500,1505,20,10,6,spectral,17.864102167077363,2.9773503611795604,2.234232750022784
1505,3,9,500,1505,20,10,6,spectral,15.996495667030104,2.6660826111716838,2.126841042074375
1505,4,9,500,1505,20,10,6,spectral,16.173493374953978,2.695582229158996,2.0946836249204352
1505,5,9,500,1505,20,10,6,spectral,17.645103708026,2.9408506180043332,2.1558983330614865
1505,6,9,500,1505,20,10,6,spectral,17.809840791975148,2.9683067986625247,2.3109634169377387
1505,3,10,500,1505,20,10,6,spectral,16.609299416071735,2.7682165693452894,2.0406971250195056
1505,4,10,500,1505,20,10,6,spectral,16.16746120795142,2.6945768679919033,2.109169709030539
1505,5,10,500,1505,20,10,6,spectral,17.13458733295556,2.8557645554925934,2.111822749953717
1505,6,10,500,1505,20,10,6,spectral,17.7019353749929,2.9503225624988167,2.231018375023268
1505,3,11,500,1505,20,10,6,spectral,15.845840874942951,2.6409734791571586,2.0928070419467986
1505,4,11,500,1505,20,10,6,spectral,16.628253667033277,2.7713756111722128,2.0259642499731854
1505,5,11,500,1505,20,10,6,spectral,17.12805079203099,2.854675132005165,2.2348060419317335
1505,6,11,500,1505,20,10,6,spectral,17.550088457996026,2.9250147429993376,2.2006042499560863
1505,3,12,500,1505,20,10,6,spectral,16.06804074998945,2.678006791664908,2.07356841606088
1505,4,12,500,1505,20,10,6,spectral,16.23544091603253,2.705906819338755,2.1583613329567015
1505,5,12,500,1505,20,10,6,spectral,16.846876792027615,2.8078127986712693,2.2634072919609025
1505,6,12,500,1505,20,10,6,spectral,17.289239624980837,2.881539937496806,2.1994444170268252
1505,3,13,500,1505,20,10,6,spectral,16.3728909160709,2.7288151526784836,2.0929851250257343
1505,4,13,500,1505,20,10,6,spectral,16.1947909159353,2.69913181932255,2.1309936670586467
1505,5,13,500,1505,20,10,6,spectral,17.315102416905575,2.8858504028175958,2.186973041971214
1505,6,13,500,1505,20,10,6,spectral,17.957207666011527,2.9928679443352544,2.2800340409157798
1505,3,14,500,1505,20,10,6,spectral,16.395684625022113,2.732614104170352,2.1157315829768777
1505,4,14,500,1505,20,10,6,spectral,16.183725374983624,2.6972875624972708,2.0689270419534296
1505,5,14,500,1505,20,10,6,spectral,17.060427583986893,2.843404597331149,2.1822578330757096
1505,6,14,500,1505,20,10,6,spectral,17.659288916969672,2.9432148194949455,2.3039061250165105
1505,3,15,500,1505,20,10,6,spectral,16.27137783402577,2.7118963056709617,2.2013506670482457
1505,4,15,500,1505,20,10,6,spectral,16.149204082903452,2.691534013817242,2.1715560419252142
1505,5,15,500,1505,20,10,6,spectral,17.015808291966096,2.835968048661016,2.1015118330251426
1505,6,15,500,1505,20,10,6,spectral,17.455786791048013,2.909297798508002,2.1334114170167595
1505,3,16,500,1505,20,10,6,spectral,16.010354375001043,2.668392395833507,2.081850791000761
1505,4,16,500,1505,20,10,6,spectral,16.254919665982015,2.709153277663669,2.1802323749288917
1505,5,16,500,1505,20,10,6,spectral,17.148145250044763,2.858024208340794,2.1444069580174983
1505,6,16,500,1505,20,10,6,spectral,17.411467875004746,2.901911312500791,2.2247067500138655
1505,3,17,500,1505,20,10,6,spectral,15.90109375002794,2.650182291671323,2.153926958097145
1505,4,17,500,1505,20,10,6,spectral,16.289449041942134,2.7149081736570224,2.526617124909535
1505,5,17,500,1505,20,10,6,spectral,17.62522945809178,2.9375382430152968,2.1945921670412645
1505,6,17,500,1505,20,10,6,spectral,17.514886208926328,2.9191477014877214,2.1752859159605578
1505,3,18,500,1505,20,10,6,spectral,15.935917792026885,2.6559862986711473,2.199159999960102
1505,4,18,500,1505,20,10,6,spectral,16.12650454195682,2.6877507569928034,2.1312592499889433
1505,5,18,500,1505,20,10,6,spectral,17.03664258297067,2.8394404304951117,2.2673740839818493
1505,6,18,500,1505,20,10,6,spectral,17.57001324999146,2.9283355416652435,2.287868333980441
1505,3,19,500,1505,20,10,6,spectral,15.879172667046078,2.646528777841013,2.1031514579663053
1505,4,19,500,1505,20,10,6,spectral,16.206089916988276,2.701014986164713,2.0967664170311764
1505,5,19,500,1505,20,10,6,spectral,16.981726750032976,2.8302877916721627,2.233913749922067
1505,6,19,500,1505,20,10,6,spectral,17.43904229195323,2.9065070486588716,2.2930737499846146
2048,3,0,500,2048,20,10,6,spectral,17.392475375090726,2.8987458958484544,2.2556309170322493
2048,4,0,500,2048,20,10,6,spectral,17.6329392909538,2.938823215158967,2.4029868750367314
2048,5,0,500,2048,20,10,6,spectral,18.23733400006313,3.039555666677188,2.5202395409578457
2048,6,0,500,2048,20,10,6,spectral,19.228522207937203,3.204753701322867,2.532375249895267
2048,3,1,500,2048,20,10,6,spectral,17.595434207934886,2.9325723679891476,2.3512549999868497
2048,4,1,500,2048,20,10,6,spectral,17.700401792069897,2.9500669653449827,2.354635375086218
2048,5,1,500,2048,20,10,6,spectral,18.715795625001192,3.119299270833532,2.4152982499217615
2048,6,1,500,2048,20,10,6,spectral,18.98511862498708,3.164186437497847,2.5722400419181213
2048,3,2,500,2048,20,10,6,spectral,17.18881633307319,2.8648027221788652,2.530532707925886
2048,4,2,500,2048,20,10,6,spectral,17.90862333390396,2.9847705556506603,2.491810749983415
2048,5,2,500,2048,20,10,6,spectral,18.95153650001157,3.1585894166685953,2.6021888330578804
2048,6,2,500,2048,20,10,6,spectral,19.53902929101605,3.2565048818360083,2.4740686250152066
2048,3,3,500,2048,20,10,6,spectral,17.47983900003601,2.9133065000060014,2.3557562499772757
2048,4,3,500,2048,20,10,6,spectral,17.716985624982044,2.952830937497007,2.354615791933611
2048,5,3,500,2048,20,10,6,spectral,18.45056733407546,3.075094555679243,2.4502562501002103
2048,6,3,500,2048,20,10,6,spectral,19.354353916016407,3.2257256526694014,2.408784000086598
2048,3,4,500,2048,20,10,6,spectral,17.66894775000401,2.944824625000668,2.2429590419633314
2048,4,4,500,2048,20,10,6,spectral,17.979160084039904,2.9965266806733175,2.3313485409598798
2048,5,4,500,2048,20,10,6,spectral,19.007091250037774,3.1678485416729623,2.363842249964364
2048,6,4,500,2048,20,10,6,spectral,19.37561350001488,3.2292689166691466,2.4517712919041514
2048,3,5,500,2048,20,10,6,spectral,17.136286208056845,2.8560477013428076,2.2572414169553667
2048,4,5,500,2048,20,10,6,spectral,17.517368666944094,2.9195614444906823,2.4132871250621974
2048,5,5,500,2048,20,10,6,spectral,18.384611999965273,3.0641019999942123,2.4308257080847397
2048,6,5,500,2048,20,10,6,spectral,19.201176750008017,3.200196125001336,2.5077389589278027
2048,3,6,500,2048,20,10,6,spectral,17.446617583045736,2.907769597174289,2.5987260409165174
2048,4,6,500,2048,20,10,6,spectral,18.066769125056453,3.0111281875094087,2.5913985000224784
2048,5,6,500,2048,20,10,6,spectral,18.983772082952783,3.1639620138254636,2.7180493329651654
2048,6,6,500,2048,20,10,6,spectral,19.985005417023785,3.330834236170631,2.8423610409954563
2048,3,7,500,2048,20,10,6,spectral,17.57720637496095,2.9295343958268254,2.5075990830082446
2048,4,7,500,2048,20,10,6,spectral,18.099062209017575,3.016510368169596,2.6889292909763753
2048,5,7,500,2048,20,10,6,spectral,18.926667875028215,3.1544446458380357,2.710996750043705
2048,6,7,500,2048,20,10,6,spectral,19.36399829108268,3.22733304851378,2.779200667049736
2048,3,8,500,2048,20,10,6,spectral,17.466500709066167,2.9110834515110278,2.626141207991168
2048,4,8,500,2048,20,10,6,spectral,17.658584290998988,2.9430973818331645,2.5495692079421133
2048,5,8,500,2048,20,10,6,spectral,19.02036391699221,3.170060652832035,2.467062499956228
2048,6,8,500,2048,20,10,6,spectral,19.270667875069194,3.211777979178199,2.525994750089012
2048,3,9,500,2048,20,10,6,spectral,17.536801374983042,2.9228002291638404,2.404194583068602
2048,4,9,500,2048,20,10,6,spectral,17.47378054203,2.912296757005,2.4437834169948474
2048,5,9,500,2048,20,10,6,spectral,19.068110666936263,3.178018444489377,2.47084216598887
2048,6,9,500,2048,20,10,6,spectral,19.092538916971534,3.1820898194952556,2.4999090409837663
2048,3,10,500,2048,20,10,6,spectral,17.628409208962694,2.9380682014937824,2.419183916063048
2048,4,10,500,2048,20,10,6,spectral,17.687896416988224,2.947982736164704,2.3438638750230893
2048,5,10,500,2048,20,10,6,spectral,18.810996458050795,3.135166076341799,2.3407350829802454
2048,6,10,500,2048,20,10,6,spectral,19.43005554098636,3.238342590164393,2.478691417025402
2048,3,11,500,2048,20,10,6,spectral,17.439833750016987,2.9066389583361647,2.2030993750086054
2048,4,11,500,2048,20,10,6,spectral,17.976539416937158,2.9960899028228596,2.457682750071399
2048,5,11,500,2048,20,10,6,spectral,19.0112358329352,3.1685393054891997,2.6668909590225667
2048,6,11,500,2048,20,10,6,spectral,19.07501675002277,3.179169458337128,2.460893457988277
2048,3,12,500,2048,20,10,6,spectral,17.45638512505684,2.909397520842807,2.315159457968548
2048,4,12,500,2048,20,10,6,spectral,17.70054666697979,2.950091111163298,2.381932666990906
2048,5,12,500,2048,20,10,6,spectral,18.668046707985923,3.111341117997654,2.4591755410656333
2048,6,12,500,2048,20,10,6,spectral,19.093922917032614,3.1823204861721024,2.455259875045158
2048,3,13,500,2048,20,10,6,spectral,17.906544165918604,2.9844240276531004,2.393374874955043
2048,4,13,500,2048,20,10,6,spectral,17.71303891693242,2.95217315282207,2.3868085839785635
2048,5,13,500,2048,20,10,6,spectral,18.967145000002347,3.1611908333337246,2.4330677080433816
2048,6,13,500,2048,20,10,6,spectral,19.38925787503831,3.2315429791730517,2.5316922089550644
2048,3,14,500,2048,20,10,6,spectral,17.52389549999498,2.920649249999163,2.398823875002563
2048,4,14,500,2048,20,10,6,spectral,17.699074874981306,2.9498458124968843,2.4005822500912473
2048,5,14,500,2048,20,10,6,spectral,18.7467426660005,3.1244571110000834,2.471716625033878
2048,6,14,500,2048,20,10,6,spectral,19.413438542047516,3.2355730903412527,2.4962324170628563
2048,3,15,500,2048,20,10,6,spectral,17.657425999990664,2.9429043333317773,2.476241416996345
2048,4,15,500,2048,20,10,6,spectral,17.59734400000889,2.9328906666681482,2.371048083063215
2048,5,15,500,2048,20,10,6,spectral,19.054919166956097,3.1758198611593493,2.410960540990345
2048,6,15,500,2048,20,10,6,spectral,19.123774291947484,3.1872957153245807,2.570757291978225
2048,3,16,500,2048,20,10,6,spectral,17.4753406670643,2.9125567778440504,2.4048352079698816
2048,4,16,500,2048,20,10,6,spectral,17.90947870898526,2.98491311816421,2.377338125021197
2048,5,16,500,2048,20,10,6,spectral,18.87018812505994,3.145031354176657,2.5098182080546394
2048,6,16,500,2048,20,10,6,spectral,18.754615833051503,3.125769305508584,2.423879624926485
2048,3,17,500,2048,20,10,6,spectral,17.471437208005227,2.9119062013342045,2.179064084077254
2048,4,17,500,2048,20,10,6,spectral,17.63485800009221,2.939143000015368,2.3337586669949815
2048,5,17,500,2048,20,10,6,spectral,18.996120542054996,3.1660200903424993,2.4057859590975568
2048,6,17,500,2048,20,10,6,spectral,19.158124041976407,3.1930206736627347,2.500441167037934
2048,3,18,500,2048,20,10,6,spectral,17.336873874999583,2.889478979166597,2.332171957939863
2048,4,18,500,2048,20,10,6,spectral,17.50913549994584,2.9181892499909736,2.31847112509422
2048,5,18,500,2048,20,10,6,spectral,18.55867841700092,3.0931130695001534,2.428337624995038
2048,6,18,500,2048,20,10,6,spectral,19.419264291995205,3.2365440486658676,2.5244525420712307
2048,3,19,500,2048,20,10,6,spectral,17.370152625022456,2.8950254375037425,2.328706125030294
2048,4,19,500,2048,20,10,6,spectral,17.84861954196822,2.97476992366137,2.3574002910172567
2048,5,19,500,2048,20,10,6,spectral,18.675081750028767,3.1125136250047944,2.417596874991432
2048,6,19,500,2048,20,10,6,spectral,19.070823916932568,3.1784706528220945,2.46543554100208
